id,generator,prob
1,adm,0.13477276265621185
2,adm,0.1364978700876236
3,adm,0.13462680578231812
4,adm,0.15776309370994568
5,adm,0.15840083360671997
6,adm,0.16142836213111877
7,adm,0.14767153561115265
8,adm,0.14401370286941528
9,adm,0.15217579901218414
10,adm,0.14901521801948547
11,adm,0.16348780691623688
12,adm,0.1417575180530548
13,adm,0.14452993869781494
14,adm,0.14797338843345642
15,adm,0.14736592769622803
16,adm,0.1617710441350937
17,adm,0.1529148370027542
18,adm,0.14700941741466522
19,adm,0.16146741807460785
20,adm,0.1623089760541916
21,adm,0.14549848437309265
22,adm,0.15377959609031677
23,adm,0.1425737738609314
24,adm,0.14882080256938934
25,adm,0.14288491010665894
26,adm,0.13983094692230225
27,adm,0.14297254383563995
28,adm,0.14073079824447632
29,adm,0.14008980989456177
30,adm,0.15358807146549225
31,adm,0.15451735258102417
32,adm,0.15684998035430908
33,adm,0.14088602364063263
34,adm,0.14803723990917206
35,adm,0.1596636325120926
36,adm,0.16080902516841888
37,adm,0.14260046184062958
38,adm,0.14329412579536438
39,adm,0.14514295756816864
40,adm,0.14169460535049438
41,adm,0.13989293575286865
42,adm,0.15752188861370087
43,adm,0.14837957918643951
44,adm,0.155429407954216
45,adm,0.1429305523633957
46,adm,0.14293837547302246
47,adm,0.14561179280281067
48,adm,0.13950183987617493
49,adm,0.14962263405323029
50,adm,0.1389019936323166
51,adm,0.1416405886411667
52,adm,0.14684650301933289
53,adm,0.15274971723556519
54,adm,0.14320474863052368
55,adm,0.1644614338874817
56,adm,0.14321525394916534
57,adm,0.15238068997859955
58,adm,0.13868485391139984
59,adm,0.14560942351818085
60,adm,0.1511548012495041
61,adm,0.14446301758289337
62,adm,0.13764333724975586
63,adm,0.13477276265621185
64,adm,0.13530230522155762
65,adm,0.13656377792358398
66,adm,0.14687278866767883
67,adm,0.14837957918643951
68,adm,0.16403518617153168
69,adm,0.1592029482126236
70,adm,0.16383343935012817
71,adm,0.15187913179397583
72,adm,0.1621645838022232
73,adm,0.16163161396980286
74,adm,0.14239326119422913
75,adm,0.14362595975399017
76,adm,0.1500200480222702
77,adm,0.1470363736152649
78,adm,0.14273646473884583
79,adm,0.14357617497444153
80,adm,0.1455003321170807
81,adm,0.14700572192668915
82,adm,0.1407436579465866
83,adm,0.14731580018997192
84,adm,0.14840641617774963
85,adm,0.1540021300315857
86,adm,0.14357931911945343
87,adm,0.14836004376411438
88,adm,0.1392430067062378
89,adm,0.1439625769853592
90,adm,0.16993774473667145
91,adm,0.13212232291698456
92,adm,0.25414183735847473
93,adm,0.21397852897644043
94,adm,0.14864808320999146
95,adm,0.13374672830104828
96,adm,0.14537368714809418
97,adm,0.14008888602256775
98,adm,0.1370629519224167
99,adm,0.13827921450138092
100,adm,0.16993774473667145
101,adm,0.13646434247493744
102,adm,0.18995827436447144
103,adm,0.14864808320999146
104,adm,0.1546991914510727
105,adm,0.25414183735847473
106,adm,0.25414183735847473
107,adm,0.13646434247493744
108,adm,0.13646434247493744
109,adm,0.13646434247493744
110,adm,0.13646434247493744
111,adm,0.25694161653518677
112,adm,0.10177472233772278
113,adm,0.09821821004152298
114,adm,0.1462734043598175
115,adm,0.09898053109645844
116,adm,0.13873791694641113
117,adm,0.10819745808839798
118,adm,0.1518162339925766
119,adm,0.125929594039917
120,adm,0.15544918179512024
121,adm,0.14385995268821716
122,adm,0.1823953092098236
123,adm,0.10756821185350418
124,adm,0.12113973498344421
125,adm,0.175052210688591
126,adm,0.1826275885105133
127,adm,0.14225834608078003
128,adm,0.15657423436641693
129,adm,0.11273541301488876
130,adm,0.11070001125335693
131,adm,0.09167197346687317
132,adm,0.11513718962669373
133,adm,0.15115664899349213
134,adm,0.17908154428005219
135,adm,0.13959667086601257
136,adm,0.0920681431889534
137,adm,0.1275545209646225
138,adm,0.1494322270154953
139,adm,0.14660897850990295
140,adm,0.17676322162151337
141,adm,0.16161741316318512
142,adm,0.16654598712921143
143,adm,0.12710370123386383
144,adm,0.11103035509586334
145,adm,0.07756637781858444
146,adm,0.11114364117383957
147,adm,0.1508227437734604
148,adm,0.16494180262088776
149,adm,0.09940347820520401
150,adm,0.14017949998378754
151,adm,0.1240239292383194
152,adm,0.10763298720121384
153,adm,0.084236279129982
154,adm,0.1335439234972
155,adm,0.14897829294204712
156,adm,0.4268231689929962
157,adm,0.056381795555353165
158,adm,0.3264448046684265
159,adm,0.3296031653881073
160,adm,0.47186723351478577
161,adm,0.13131128251552582
162,adm,0.23793955147266388
163,adm,0.25414183735847473
164,adm,0.47186723351478577
165,adm,0.47186723351478577
189,adm,0.16756248474121094
190,adm,0.366585373878479
191,adm,0.09052712470293045
192,adm,0.3534702956676483
193,adm,0.377750039100647
194,adm,0.44838854670524597
195,adm,0.4092106521129608
196,adm,0.11175887286663055
197,adm,0.4176737368106842
198,adm,0.400661826133728
199,adm,0.42523428797721863
200,adm,0.12003892660140991
201,adm,0.1784767061471939
202,adm,0.28906041383743286
203,adm,0.4438614249229431
204,adm,0.4536026418209076
205,adm,0.39085686206817627
206,adm,0.24056623876094818
207,adm,0.40032824873924255
208,adm,0.38244861364364624
209,adm,0.3906727433204651
210,adm,0.21600700914859772
211,adm,0.37207090854644775
212,adm,0.17967377603054047
213,adm,0.4513746201992035
214,adm,0.42161399126052856
215,adm,0.11290964484214783
216,adm,0.33369770646095276
217,adm,0.16906699538230896
218,adm,0.1861565113067627
219,adm,0.14835229516029358
220,adm,0.16756248474121094
221,adm,0.366585373878479
222,adm,0.3534702956676483
223,adm,0.31925058364868164
1,biggan,0.13777798414230347
2,biggan,0.14121901988983154
3,biggan,0.13038921356201172
4,biggan,0.1333221048116684
5,biggan,0.13325032591819763
6,biggan,0.1336941421031952
7,biggan,0.13627636432647705
8,biggan,0.1375652253627777
9,biggan,0.1330316662788391
10,biggan,0.1359223574399948
11,biggan,0.13161659240722656
12,biggan,0.13838377594947815
13,biggan,0.13854894042015076
14,biggan,0.13726799190044403
15,biggan,0.13669608533382416
16,biggan,0.13225437700748444
17,biggan,0.1334230750799179
18,biggan,0.13671353459358215
19,biggan,0.13141991198062897
20,biggan,0.1321680098772049
21,biggan,0.13664673268795013
22,biggan,0.13360579311847687
23,biggan,0.13891561329364777
24,biggan,0.13617867231369019
25,biggan,0.1386510282754898
26,biggan,0.13951073586940765
27,biggan,0.1381843537092209
28,biggan,0.13790708780288696
29,biggan,0.13945168256759644
30,biggan,0.13157398998737335
31,biggan,0.13337953388690948
32,biggan,0.13298705220222473
33,biggan,0.13757257163524628
34,biggan,0.13638225197792053
35,biggan,0.13201458752155304
36,biggan,0.13079874217510223
37,biggan,0.13868680596351624
38,biggan,0.13938318192958832
39,biggan,0.13584277033805847
40,biggan,0.13753081858158112
41,biggan,0.1391921043395996
42,biggan,0.13345199823379517
43,biggan,0.1359732300043106
44,biggan,0.13221900165081024
45,biggan,0.1385122835636139
46,biggan,0.13917140662670135
47,biggan,0.13705459237098694
48,biggan,0.14110665023326874
49,biggan,0.13427016139030457
50,biggan,0.13983361423015594
51,biggan,0.13875368237495422
52,biggan,0.13472793996334076
53,biggan,0.1335931420326233
54,biggan,0.13884294033050537
55,biggan,0.13375058770179749
56,biggan,0.13977345824241638
57,biggan,0.13394463062286377
58,biggan,0.14031140506267548
59,biggan,0.13774052262306213
60,biggan,0.13519881665706635
61,biggan,0.13804800808429718
62,biggan,0.14064393937587738
63,biggan,0.13777798414230347
64,biggan,0.142125204205513
65,biggan,0.14061014354228973
66,biggan,0.13608089089393616
67,biggan,0.1359732300043106
68,biggan,0.0
69,biggan,0.0
70,biggan,0.0
71,biggan,0.0
72,biggan,0.0
73,biggan,0.0
74,biggan,0.0
75,biggan,0.1387518346309662
76,biggan,0.13590294122695923
77,biggan,0.13580359518527985
78,biggan,0.13944506645202637
79,biggan,0.13973906636238098
80,biggan,0.13709920644760132
81,biggan,0.1378963142633438
82,biggan,0.14014799892902374
83,biggan,0.13670547306537628
84,biggan,0.13691474497318268
85,biggan,0.13473010063171387
86,biggan,0.1395476758480072
87,biggan,0.13620251417160034
88,biggan,0.13986681401729584
89,biggan,0.13869675993919373
90,biggan,0.7628064751625061
91,biggan,0.18505063652992249
92,biggan,0.5432496666908264
93,biggan,0.4274415075778961
94,biggan,0.16219229996204376
95,biggan,0.18055382370948792
96,biggan,0.14676600694656372
97,biggan,0.16508294641971588
98,biggan,0.15986448526382446
99,biggan,0.16023239493370056
100,biggan,0.7628064751625061
101,biggan,0.0006288623553700745
102,biggan,0.13006150722503662
103,biggan,0.16219229996204376
104,biggan,0.1273871660232544
105,biggan,0.5432496666908264
106,biggan,0.5432496666908264
107,biggan,0.0006288623553700745
108,biggan,0.0006288623553700745
109,biggan,0.0006288623553700745
110,biggan,0.0006288623553700745
111,biggan,0.16138069331645966
112,biggan,0.11884336918592453
113,biggan,0.1446496993303299
114,biggan,0.12957066297531128
115,biggan,0.15065443515777588
116,biggan,0.15711550414562225
117,biggan,0.10834243148565292
118,biggan,0.16447508335113525
119,biggan,0.09332581609487534
120,biggan,0.10689447820186615
121,biggan,0.12813855707645416
122,biggan,0.1690819412469864
123,biggan,0.1058364287018776
124,biggan,0.1443626433610916
125,biggan,0.12796592712402344
126,biggan,0.0770612433552742
127,biggan,0.11638796329498291
128,biggan,0.14272540807724
129,biggan,0.1227371096611023
130,biggan,0.2003670036792755
131,biggan,0.14656879007816315
132,biggan,0.08204050362110138
133,biggan,0.14394070208072662
134,biggan,0.10312242060899734
135,biggan,0.1590617299079895
136,biggan,0.14501002430915833
137,biggan,0.14119072258472443
138,biggan,0.1359158605337143
139,biggan,0.13263057172298431
140,biggan,0.1595381498336792
141,biggan,0.1612415313720703
142,biggan,0.11604227125644684
143,biggan,0.14333540201187134
144,biggan,0.10451745986938477
145,biggan,0.13656336069107056
146,biggan,0.1676909327507019
147,biggan,0.15079855918884277
148,biggan,0.15813662111759186
149,biggan,0.11279642581939697
150,biggan,0.12530842423439026
151,biggan,0.09704621881246567
152,biggan,0.14739271998405457
153,biggan,0.1871376782655716
154,biggan,0.14257527887821198
155,biggan,0.11749377101659775
156,biggan,0.0021919989958405495
157,biggan,0.03693919628858566
158,biggan,0.39849963784217834
159,biggan,0.5510871410369873
160,biggan,0.01386936753988266
161,biggan,0.4119728207588196
162,biggan,0.5582562685012817
163,biggan,0.5432496666908264
164,biggan,0.01386936753988266
165,biggan,0.01386936753988266
189,biggan,0.139282688498497
190,biggan,0.12654267251491547
191,biggan,0.13711391389369965
192,biggan,0.12782840430736542
193,biggan,0.12489296495914459
194,biggan,0.11427819728851318
195,biggan,0.12205208837985992
196,biggan,0.14337483048439026
197,biggan,0.12789514660835266
198,biggan,0.13257521390914917
199,biggan,0.1212019994854927
200,biggan,0.14345447719097137
201,biggan,0.14004595577716827
202,biggan,0.14107556641101837
203,biggan,0.11697336286306381
204,biggan,0.11462833732366562
205,biggan,0.12315113097429276
206,biggan,0.14255332946777344
207,biggan,0.11987258493900299
208,biggan,0.12446628510951996
209,biggan,0.12035767734050751
210,biggan,0.13955074548721313
211,biggan,0.12426111102104187
212,biggan,0.14213413000106812
213,biggan,0.11657435446977615
214,biggan,0.11555224657058716
215,biggan,0.14202192425727844
216,biggan,0.1376389116048813
217,biggan,0.1417054831981659
218,biggan,0.13836555182933807
219,biggan,0.14546959102153778
220,biggan,0.139282688498497
221,biggan,0.12654267251491547
222,biggan,0.12782840430736542
223,biggan,0.13253864645957947
1,glide,0.14030258357524872
2,glide,0.14260068535804749
3,glide,0.1373700350522995
4,glide,0.12699222564697266
5,glide,0.12820568680763245
6,glide,0.12533968687057495
7,glide,0.1350824236869812
8,glide,0.1403985172510147
9,glide,0.13087601959705353
10,glide,0.13434121012687683
11,glide,0.12426522374153137
12,glide,0.1415608525276184
13,glide,0.13965454697608948
14,glide,0.13652651011943817
15,glide,0.13763488829135895
16,glide,0.12318994104862213
17,glide,0.128828227519989
18,glide,0.1350483000278473
19,glide,0.12441034615039825
20,glide,0.1226249486207962
21,glide,0.1344297081232071
22,glide,0.13011999428272247
23,glide,0.14226321876049042
24,glide,0.1337399184703827
25,glide,0.13913512229919434
26,glide,0.14235714077949524
27,glide,0.13779792189598083
28,glide,0.1432742327451706
29,glide,0.1429358273744583
30,glide,0.12741133570671082
31,glide,0.1282769739627838
32,glide,0.1267038881778717
33,glide,0.14481450617313385
34,glide,0.13548973202705383
35,glide,0.12453096359968185
36,glide,0.12373850494623184
37,glide,0.1381717026233673
38,glide,0.140018492937088
39,glide,0.14015109837055206
40,glide,0.14269845187664032
41,glide,0.1447439044713974
42,glide,0.126726433634758
43,glide,0.13271015882492065
44,glide,0.12728236615657806
45,glide,0.14304348826408386
46,glide,0.14102497696876526
47,glide,0.13494013249874115
48,glide,0.14096897840499878
49,glide,0.131257101893425
50,glide,0.1418638974428177
51,glide,0.1409054547548294
52,glide,0.13463303446769714
53,glide,0.12961982190608978
54,glide,0.13820300996303558
55,glide,0.1240369975566864
56,glide,0.13904373347759247
57,glide,0.12924489378929138
58,glide,0.141981840133667
59,glide,0.1427181214094162
60,glide,0.13122344017028809
61,glide,0.14048229157924652
62,glide,0.1412966549396515
63,glide,0.14030258357524872
64,glide,0.1432061642408371
65,glide,0.1426440179347992
66,glide,0.13453005254268646
67,glide,0.13271015882492065
68,glide,0.0
69,glide,0.0
70,glide,0.0
71,glide,0.0
72,glide,0.0
73,glide,0.0
74,glide,0.0
75,glide,0.1407652348279953
76,glide,0.13093653321266174
77,glide,0.13340221345424652
78,glide,0.13894996047019958
79,glide,0.14108826220035553
80,glide,0.13737700879573822
81,glide,0.1396755427122116
82,glide,0.142771914601326
83,glide,0.13927139341831207
84,glide,0.13316582143306732
85,glide,0.12937119603157043
86,glide,0.14159910380840302
87,glide,0.13491098582744598
88,glide,0.14108827710151672
89,glide,0.1387801170349121
90,glide,0.0008610362419858575
91,glide,0.13930946588516235
92,glide,6.881714944029227e-05
93,glide,0.002939281053841114
94,glide,0.11721736937761307
95,glide,0.13409094512462616
96,glide,0.13883377611637115
97,glide,0.17674024403095245
98,glide,0.13752450048923492
99,glide,0.13502080738544464
100,glide,0.0008610362419858575
101,glide,0.00012411805801093578
102,glide,0.12766000628471375
103,glide,0.11721736937761307
104,glide,0.14052438735961914
105,glide,6.881714944029227e-05
106,glide,6.881714944029227e-05
107,glide,0.00012411805801093578
108,glide,0.00012411805801093578
109,glide,0.00012411805801093578
110,glide,0.00012411805801093578
111,glide,0.00252097612246871
112,glide,0.14747881889343262
113,glide,0.14094245433807373
114,glide,0.13479289412498474
115,glide,0.19779165089130402
116,glide,0.12549184262752533
117,glide,0.13860979676246643
118,glide,0.15689954161643982
119,glide,0.09183768928050995
120,glide,0.11286851018667221
121,glide,0.12237904220819473
122,glide,0.16977718472480774
123,glide,0.15582217276096344
124,glide,0.18207384645938873
125,glide,0.14307256042957306
126,glide,0.1508660763502121
127,glide,0.15828821063041687
128,glide,0.12700021266937256
129,glide,0.09876597672700882
130,glide,0.09166299551725388
131,glide,0.12845830619335175
132,glide,0.4797680974006653
133,glide,0.1351880133152008
134,glide,0.20184145867824554
135,glide,0.09554114192724228
136,glide,0.17788738012313843
137,glide,0.11532799899578094
138,glide,0.14141365885734558
139,glide,0.16204681992530823
140,glide,0.13724565505981445
141,glide,0.1248953565955162
142,glide,0.15822283923625946
143,glide,0.2613065242767334
144,glide,0.14971938729286194
145,glide,0.14494670927524567
146,glide,0.15840871632099152
147,glide,0.15982386469841003
148,glide,0.14218351244926453
149,glide,0.20389436185359955
150,glide,0.1667562872171402
151,glide,0.14058157801628113
152,glide,0.15125499665737152
153,glide,0.30694305896759033
154,glide,0.15022659301757812
155,glide,0.13896839320659637
156,glide,0.00031928636599332094
157,glide,0.0001352764229523018
158,glide,0.01322679128497839
159,glide,0.0009218683699145913
160,glide,0.0006576732848770916
161,glide,0.015761321410536766
162,glide,0.001591120264492929
163,glide,6.881714944029227e-05
164,glide,0.0006576732848770916
165,glide,0.0006576732848770916
189,glide,0.12716767191886902
190,glide,0.09536949545145035
191,glide,0.1380915641784668
192,glide,0.09935486316680908
193,glide,0.0976584181189537
194,glide,0.087126225233078
195,glide,0.10631794482469559
196,glide,0.1390913426876068
197,glide,0.08627641946077347
198,glide,0.08437459170818329
199,glide,0.09302176535129547
200,glide,0.15196608006954193
201,glide,0.14860659837722778
202,glide,0.11322585493326187
203,glide,0.08971621096134186
204,glide,0.08188488334417343
205,glide,0.10710375756025314
206,glide,0.11521322280168533
207,glide,0.0894688218832016
208,glide,0.09624317288398743
209,glide,0.0962744727730751
210,glide,0.12180791050195694
211,glide,0.09705054014921188
212,glide,0.13198040425777435
213,glide,0.07925066351890564
214,glide,0.08891025930643082
215,glide,0.1417749524116516
216,glide,0.09756428003311157
217,glide,0.1318502575159073
218,glide,0.1317252367734909
219,glide,0.13227497041225433
220,glide,0.12716767191886902
221,glide,0.09536949545145035
222,glide,0.09935486316680908
223,glide,0.10269951075315475
1,midjourney,0.1251712292432785
2,midjourney,0.12487641721963882
3,midjourney,0.13195374608039856
4,midjourney,0.13963015377521515
5,midjourney,0.13708767294883728
6,midjourney,0.1359534114599228
7,midjourney,0.13853459060192108
8,midjourney,0.1349288821220398
9,midjourney,0.1409136950969696
10,midjourney,0.13967840373516083
11,midjourney,0.1350613832473755
12,midjourney,0.13193534314632416
13,midjourney,0.13355490565299988
14,midjourney,0.13384832441806793
15,midjourney,0.13569781184196472
16,midjourney,0.13692030310630798
17,midjourney,0.14084216952323914
18,midjourney,0.1397264450788498
19,midjourney,0.13079124689102173
20,midjourney,0.1360328495502472
21,midjourney,0.13824564218521118
22,midjourney,0.13756029307842255
23,midjourney,0.1277962625026703
24,midjourney,0.139572873711586
25,midjourney,0.13681773841381073
26,midjourney,0.1332835853099823
27,midjourney,0.1389400064945221
28,midjourney,0.1339872032403946
29,midjourney,0.13225127756595612
30,midjourney,0.14046242833137512
31,midjourney,0.1364530473947525
32,midjourney,0.13265196979045868
33,midjourney,0.1264311522245407
34,midjourney,0.13731887936592102
35,midjourney,0.13565529882907867
36,midjourney,0.13811489939689636
37,midjourney,0.13822343945503235
38,midjourney,0.13326184451580048
39,midjourney,0.12750160694122314
40,midjourney,0.12959223985671997
41,midjourney,0.12518538534641266
42,midjourney,0.1355431079864502
43,midjourney,0.14087896049022675
44,midjourney,0.13271020352840424
45,midjourney,0.12850730121135712
46,midjourney,0.13156305253505707
47,midjourney,0.14122605323791504
48,midjourney,0.13435912132263184
49,midjourney,0.14000654220581055
50,midjourney,0.13586722314357758
51,midjourney,0.1321897953748703
52,midjourney,0.1401738077402115
53,midjourney,0.1385229229927063
54,midjourney,0.1335604041814804
55,midjourney,0.13462834060192108
56,midjourney,0.13283789157867432
57,midjourney,0.14046181738376617
58,midjourney,0.13405030965805054
59,midjourney,0.1271727979183197
60,midjourney,0.13957954943180084
61,midjourney,0.1306999772787094
62,midjourney,0.13567286729812622
63,midjourney,0.1251712292432785
64,midjourney,0.12677563726902008
65,midjourney,0.12517929077148438
66,midjourney,0.13971984386444092
67,midjourney,0.14087896049022675
68,midjourney,0.13150855898857117
69,midjourney,0.1312088668346405
70,midjourney,0.13121135532855988
71,midjourney,0.1332123875617981
72,midjourney,0.13104389607906342
73,midjourney,0.13069963455200195
74,midjourney,0.1393478363752365
75,midjourney,0.13424542546272278
76,midjourney,0.1389482319355011
77,midjourney,0.1399378776550293
78,midjourney,0.13279664516448975
79,midjourney,0.1291712522506714
80,midjourney,0.13576388359069824
81,midjourney,0.1307481825351715
82,midjourney,0.1308344602584839
83,midjourney,0.13092978298664093
84,midjourney,0.1389569342136383
85,midjourney,0.13727812469005585
86,midjourney,0.1298965960741043
87,midjourney,0.13589155673980713
88,midjourney,0.13724300265312195
89,midjourney,0.13266682624816895
90,midjourney,0.03887543827295303
91,midjourney,0.12661238014698029
92,midjourney,0.0020328948739916086
93,midjourney,0.32435593008995056
94,midjourney,0.1216650903224945
95,midjourney,0.14982201159000397
96,midjourney,0.1681511551141739
97,midjourney,0.14193034172058105
98,midjourney,0.1440269947052002
99,midjourney,0.14714719355106354
100,midjourney,0.03887543827295303
101,midjourney,0.8625906705856323
102,midjourney,0.12119034677743912
103,midjourney,0.1216650903224945
104,midjourney,0.13758064806461334
105,midjourney,0.0020328948739916086
106,midjourney,0.0020328948739916086
107,midjourney,0.8625906705856323
108,midjourney,0.8625906705856323
109,midjourney,0.8625906705856323
110,midjourney,0.8625906705856323
111,midjourney,0.5726059079170227
112,midjourney,0.15918594598770142
113,midjourney,0.13800443708896637
114,midjourney,0.13698843121528625
115,midjourney,0.1562843918800354
116,midjourney,0.13975460827350616
117,midjourney,0.17075315117835999
118,midjourney,0.10560283064842224
119,midjourney,0.2562275826931
120,midjourney,0.2176593691110611
121,midjourney,0.13890938460826874
122,midjourney,0.07640630751848221
123,midjourney,0.1837558150291443
124,midjourney,0.12862178683280945
125,midjourney,0.12241743505001068
126,midjourney,0.26064205169677734
127,midjourney,0.16010130941867828
128,midjourney,0.17575015127658844
129,midjourney,0.2063620686531067
130,midjourney,0.15940067172050476
131,midjourney,0.10086288303136826
132,midjourney,0.08889205008745193
133,midjourney,0.09242861717939377
134,midjourney,0.1098645031452179
135,midjourney,0.15493594110012054
136,midjourney,0.13147254288196564
137,midjourney,0.15334667265415192
138,midjourney,0.12430259585380554
139,midjourney,0.09774235635995865
140,midjourney,0.1539503037929535
141,midjourney,0.1588207185268402
142,midjourney,0.09949580579996109
143,midjourney,0.11633295565843582
144,midjourney,0.1438113898038864
145,midjourney,0.14684514701366425
146,midjourney,0.1040182039141655
147,midjourney,0.07456710189580917
148,midjourney,0.15281321108341217
149,midjourney,0.10580629110336304
150,midjourney,0.16256286203861237
151,midjourney,0.19299836456775665
152,midjourney,0.15384194254875183
153,midjourney,0.07876604795455933
154,midjourney,0.13999110460281372
155,midjourney,0.1877627968788147
156,midjourney,0.5704492330551147
157,midjourney,0.90554279088974
158,midjourney,0.20100834965705872
159,midjourney,0.08536207675933838
160,midjourney,0.5128178000450134
161,midjourney,0.00727456621825695
162,midjourney,0.005655752494931221
163,midjourney,0.0020328948739916086
164,midjourney,0.5128178000450134
165,midjourney,0.5128178000450134
189,midjourney,0.13387341797351837
190,midjourney,0.10454810410737991
191,midjourney,0.1392766684293747
192,midjourney,0.10710542649030685
193,midjourney,0.10449473559856415
194,midjourney,0.09525701403617859
195,midjourney,0.11137441545724869
196,midjourney,0.14392027258872986
197,midjourney,0.09912534058094025
198,midjourney,0.0979446992278099
199,midjourney,0.09860710054636002
200,midjourney,0.15550081431865692
201,midjourney,0.1546204686164856
202,midjourney,0.1297338753938675
203,midjourney,0.09560823440551758
204,midjourney,0.09425965696573257
205,midjourney,0.1105172410607338
206,midjourney,0.12720565497875214
207,midjourney,0.10518542677164078
208,midjourney,0.10786192864179611
209,midjourney,0.10414573550224304
210,midjourney,0.13166682422161102
211,midjourney,0.10535480082035065
212,midjourney,0.14097827672958374
213,midjourney,0.09320289641618729
214,midjourney,0.10448697954416275
215,midjourney,0.14601509273052216
216,midjourney,0.11581168323755264
217,midjourney,0.13956031203269958
218,midjourney,0.14186649024486542
219,midjourney,0.1406068354845047
220,midjourney,0.13387341797351837
221,midjourney,0.10454810410737991
222,midjourney,0.10710542649030685
223,midjourney,0.110086590051651
1,sdv5,0.17378708720207214
2,sdv5,0.16105937957763672
3,sdv5,0.17506997287273407
4,sdv5,0.14745065569877625
5,sdv5,0.146574467420578
6,sdv5,0.14619728922843933
7,sdv5,0.14894235134124756
8,sdv5,0.15474173426628113
9,sdv5,0.14725978672504425
10,sdv5,0.15010052919387817
11,sdv5,0.14654214680194855
12,sdv5,0.15702255070209503
13,sdv5,0.15314233303070068
14,sdv5,0.1527108997106552
15,sdv5,0.15177924931049347
16,sdv5,0.14629021286964417
17,sdv5,0.14861927926540375
18,sdv5,0.15000729262828827
19,sdv5,0.14487585425376892
20,sdv5,0.14578373730182648
21,sdv5,0.14878533780574799
22,sdv5,0.14754211902618408
23,sdv5,0.1593392938375473
24,sdv5,0.1484726071357727
25,sdv5,0.15287049114704132
26,sdv5,0.1531027853488922
27,sdv5,0.1487438678741455
28,sdv5,0.15704073011875153
29,sdv5,0.15498238801956177
30,sdv5,0.14796225726604462
31,sdv5,0.1459277719259262
32,sdv5,0.14541210234165192
33,sdv5,0.1629265397787094
34,sdv5,0.14827769994735718
35,sdv5,0.14622579514980316
36,sdv5,0.14702750742435455
37,sdv5,0.15252980589866638
38,sdv5,0.15303218364715576
39,sdv5,0.16302712261676788
40,sdv5,0.15873928368091583
41,sdv5,0.16310103237628937
42,sdv5,0.1460418403148651
43,sdv5,0.1468001902103424
44,sdv5,0.14633123576641083
45,sdv5,0.1597108691930771
46,sdv5,0.15371492505073547
47,sdv5,0.14887604117393494
48,sdv5,0.1512734591960907
49,sdv5,0.14733417332172394
50,sdv5,0.15188932418823242
51,sdv5,0.1541132628917694
52,sdv5,0.1495000123977661
53,sdv5,0.14664754271507263
54,sdv5,0.15355026721954346
55,sdv5,0.14522892236709595
56,sdv5,0.1532602459192276
57,sdv5,0.14764489233493805
58,sdv5,0.14995411038398743
59,sdv5,0.15930724143981934
60,sdv5,0.14602024853229523
61,sdv5,0.15531328320503235
62,sdv5,0.1511003077030182
63,sdv5,0.17378708720207214
64,sdv5,0.16011874377727509
65,sdv5,0.16303148865699768
66,sdv5,0.14758865535259247
67,sdv5,0.1468001902103424
68,sdv5,0.0
69,sdv5,0.0
70,sdv5,0.0
71,sdv5,0.0
72,sdv5,0.0
73,sdv5,0.0
74,sdv5,0.0
75,sdv5,0.15197037160396576
76,sdv5,0.14738762378692627
77,sdv5,0.14924930036067963
78,sdv5,0.15175418555736542
79,sdv5,0.15482550859451294
80,sdv5,0.15301837027072906
81,sdv5,0.15517129004001617
82,sdv5,0.15321539342403412
83,sdv5,0.15632162988185883
84,sdv5,0.1465788632631302
85,sdv5,0.14593541622161865
86,sdv5,0.15667112171649933
87,sdv5,0.1499369740486145
88,sdv5,0.1514619141817093
89,sdv5,0.15252572298049927
90,sdv5,0.010825082659721375
91,sdv5,0.12390445917844772
92,sdv5,0.00027548865182325244
93,sdv5,0.01799902319908142
94,sdv5,0.16447308659553528
95,sdv5,0.15533676743507385
96,sdv5,0.1352890133857727
97,sdv5,0.10697523504495621
98,sdv5,0.14520779252052307
99,sdv5,0.12854692339897156
100,sdv5,0.010825082659721375
101,sdv5,0.00018814332725014538
102,sdv5,0.1228187084197998
103,sdv5,0.16447308659553528
104,sdv5,0.14173181354999542
105,sdv5,0.00027548865182325244
106,sdv5,0.00027548865182325244
107,sdv5,0.00018814332725014538
108,sdv5,0.00018814332725014538
109,sdv5,0.00018814332725014538
110,sdv5,0.00018814332725014538
111,sdv5,0.005754325073212385
112,sdv5,0.1657862365245819
113,sdv5,0.1580299288034439
114,sdv5,0.17210617661476135
115,sdv5,0.15661323070526123
116,sdv5,0.12244786322116852
117,sdv5,0.18891054391860962
118,sdv5,0.13769347965717316
119,sdv5,0.09702936559915543
120,sdv5,0.151607483625412
121,sdv5,0.13080497086048126
122,sdv5,0.16006553173065186
123,sdv5,0.14703980088233948
124,sdv5,0.14082452654838562
125,sdv5,0.15459956228733063
126,sdv5,0.1381818652153015
127,sdv5,0.11216884851455688
128,sdv5,0.09312278032302856
129,sdv5,0.15797649323940277
130,sdv5,0.13765932619571686
131,sdv5,0.20096640288829803
132,sdv5,0.03730040416121483
133,sdv5,0.17881210148334503
134,sdv5,0.11718643456697464
135,sdv5,0.09740383177995682
136,sdv5,0.16351602971553802
137,sdv5,0.1665256768465042
138,sdv5,0.149846613407135
139,sdv5,0.19110147655010223
140,sdv5,0.07111866772174835
141,sdv5,0.13202479481697083
142,sdv5,0.19126006960868835
143,sdv5,0.17370258271694183
144,sdv5,0.15446783602237701
145,sdv5,0.16321222484111786
146,sdv5,0.13674764335155487
147,sdv5,0.1513601392507553
148,sdv5,0.09800628572702408
149,sdv5,0.1303091049194336
150,sdv5,0.12239129841327667
151,sdv5,0.21435977518558502
152,sdv5,0.17422935366630554
153,sdv5,0.11563701927661896
154,sdv5,0.14093932509422302
155,sdv5,0.15924963355064392
156,sdv5,0.0002113789232680574
157,sdv5,0.0009236719342879951
158,sdv5,0.05411810055375099
159,sdv5,0.009975024498999119
160,sdv5,0.0007447260431945324
161,sdv5,0.006568717770278454
162,sdv5,0.0035884191747754812
163,sdv5,0.00027548865182325244
164,sdv5,0.0007447260431945324
165,sdv5,0.0007447260431945324
189,sdv5,0.1689261496067047
190,sdv5,0.0834973007440567
191,sdv5,0.16738618910312653
192,sdv5,0.08496052026748657
193,sdv5,0.08173704892396927
194,sdv5,0.0789751261472702
195,sdv5,0.06629826873540878
196,sdv5,0.1640961766242981
197,sdv5,0.06885135173797607
198,sdv5,0.0776459276676178
199,sdv5,0.07552997022867203
200,sdv5,0.14551573991775513
201,sdv5,0.12796837091445923
202,sdv5,0.09464240819215775
203,sdv5,0.07471564412117004
204,sdv5,0.07628466188907623
205,sdv5,0.08680450171232224
206,sdv5,0.1363886594772339
207,sdv5,0.09576606750488281
208,sdv5,0.09922267496585846
209,sdv5,0.08340494334697723
210,sdv5,0.14674346148967743
211,sdv5,0.08389028906822205
212,sdv5,0.14736557006835938
213,sdv5,0.07980760186910629
214,sdv5,0.08554960787296295
215,sdv5,0.16345633566379547
216,sdv5,0.09427876770496368
217,sdv5,0.15594086050987244
218,sdv5,0.14786739647388458
219,sdv5,0.15665636956691742
220,sdv5,0.1689261496067047
221,sdv5,0.0834973007440567
222,sdv5,0.08496052026748657
223,sdv5,0.08921931684017181
1,vqdm,0.14130057394504547
2,vqdm,0.13970521092414856
3,vqdm,0.14950212836265564
4,vqdm,0.1547321230173111
5,vqdm,0.15530602633953094
6,vqdm,0.15724456310272217
7,vqdm,0.1487235426902771
8,vqdm,0.13979478180408478
9,vqdm,0.15315593779087067
10,vqdm,0.1470591127872467
11,vqdm,0.15994255244731903
12,vqdm,0.13938967883586884
13,vqdm,0.1422291100025177
14,vqdm,0.1436416506767273
15,vqdm,0.14363743364810944
16,vqdm,0.15892846882343292
17,vqdm,0.1526774913072586
18,vqdm,0.14583437144756317
19,vqdm,0.16389919817447662
20,vqdm,0.16106916964054108
21,vqdm,0.14949308335781097
22,vqdm,0.15381839871406555
23,vqdm,0.1403820663690567
24,vqdm,0.14849866926670074
25,vqdm,0.14147871732711792
26,vqdm,0.13994833827018738
27,vqdm,0.14713917672634125
28,vqdm,0.1390715092420578
29,vqdm,0.13933107256889343
30,vqdm,0.15607257187366486
31,vqdm,0.15752173960208893
32,vqdm,0.1600845903158188
33,vqdm,0.1385195553302765
34,vqdm,0.1488313525915146
35,vqdm,0.16002094745635986
36,vqdm,0.16054601967334747
37,vqdm,0.142203688621521
38,vqdm,0.14215612411499023
39,vqdm,0.1430409699678421
40,vqdm,0.13905566930770874
41,vqdm,0.13930538296699524
42,vqdm,0.15744273364543915
43,vqdm,0.15093179047107697
44,vqdm,0.16005097329616547
45,vqdm,0.13799597322940826
46,vqdm,0.14130987226963043
47,vqdm,0.14735031127929688
48,vqdm,0.14233890175819397
49,vqdm,0.15311557054519653
50,vqdm,0.14184816181659698
51,vqdm,0.14093086123466492
52,vqdm,0.14928416907787323
53,vqdm,0.1545303463935852
54,vqdm,0.1438911110162735
55,vqdm,0.15887154638767242
56,vqdm,0.14160296320915222
57,vqdm,0.15443424880504608
58,vqdm,0.1464228630065918
59,vqdm,0.13726097345352173
60,vqdm,0.15328845381736755
61,vqdm,0.14018183946609497
62,vqdm,0.14392882585525513
63,vqdm,0.14130057394504547
64,vqdm,0.13818879425525665
65,vqdm,0.138930544257164
66,vqdm,0.14934343099594116
67,vqdm,0.15093179047107697
68,vqdm,0.16177263855934143
69,vqdm,0.16300764679908752
70,vqdm,0.16410772502422333
71,vqdm,0.15534664690494537
72,vqdm,0.16424410045146942
73,vqdm,0.16282804310321808
74,vqdm,0.14173701405525208
75,vqdm,0.14280341565608978
76,vqdm,0.15290974080562592
77,vqdm,0.14933986961841583
78,vqdm,0.14314962923526764
79,vqdm,0.1412866711616516
80,vqdm,0.14297448098659515
81,vqdm,0.1414458453655243
82,vqdm,0.14040136337280273
83,vqdm,0.14149411022663116
84,vqdm,0.1517411172389984
85,vqdm,0.15496617555618286
86,vqdm,0.1387389451265335
87,vqdm,0.1477764993906021
88,vqdm,0.14251506328582764
89,vqdm,0.1447097510099411
90,vqdm,0.01666373759508133
91,vqdm,0.1550319641828537
92,vqdm,0.20018599927425385
93,vqdm,0.01325509138405323
94,vqdm,0.1423536241054535
95,vqdm,0.12835174798965454
96,vqdm,0.14403371512889862
97,vqdm,0.13175749778747559
98,vqdm,0.13963928818702698
99,vqdm,0.11727692186832428
100,vqdm,0.01666373759508133
101,vqdm,3.862722223857418e-06
102,vqdm,0.1505579799413681
103,vqdm,0.1423536241054535
104,vqdm,0.13812975585460663
105,vqdm,0.20018599927425385
106,vqdm,0.20018599927425385
107,vqdm,3.862722223857418e-06
108,vqdm,3.862722223857418e-06
109,vqdm,3.862722223857418e-06
110,vqdm,3.862722223857418e-06
111,vqdm,0.0007920734933577478
112,vqdm,0.16633428633213043
113,vqdm,0.1498188078403473
114,vqdm,0.14412803947925568
115,vqdm,0.10688178241252899
116,vqdm,0.1544283628463745
117,vqdm,0.10426588356494904
118,vqdm,0.11332152783870697
119,vqdm,0.2311376929283142
120,vqdm,0.1417635679244995
121,vqdm,0.17064909636974335
122,vqdm,0.12887342274188995
123,vqdm,0.20915935933589935
124,vqdm,0.14500142633914948
125,vqdm,0.15986135601997375
126,vqdm,0.11270008981227875
127,vqdm,0.16765724122524261
128,vqdm,0.17468078434467316
129,vqdm,0.17109178006649017
130,vqdm,0.12607227265834808
131,vqdm,0.18551012873649597
132,vqdm,0.13370651006698608
133,vqdm,0.12360814213752747
134,vqdm,0.14845706522464752
135,vqdm,0.14256833493709564
136,vqdm,0.1421889215707779
137,vqdm,0.19499146938323975
138,vqdm,0.168681800365448
139,vqdm,0.11528885364532471
140,vqdm,0.177687406539917
141,vqdm,0.1517147421836853
142,vqdm,0.12743167579174042
143,vqdm,0.09479282051324844
144,vqdm,0.13400796055793762
145,vqdm,0.15693217515945435
146,vqdm,0.13684502243995667
147,vqdm,0.14535315334796906
148,vqdm,0.1472940444946289
149,vqdm,0.09827738255262375
150,vqdm,0.142796128988266
151,vqdm,0.14268232882022858
152,vqdm,0.13923150300979614
153,vqdm,0.14908239245414734
154,vqdm,0.1669824719429016
155,vqdm,0.15048417448997498
156,vqdm,4.843469923798693e-06
157,vqdm,7.710362115176395e-05
158,vqdm,0.006525312550365925
159,vqdm,0.02303466759622097
160,vqdm,4.291606092010625e-05
161,vqdm,0.417939692735672
162,vqdm,0.1924934834241867
163,vqdm,0.20018599927425385
164,vqdm,4.291606092010625e-05
165,vqdm,4.291606092010625e-05
189,vqdm,0.13213978707790375
190,vqdm,0.15179842710494995
191,vqdm,0.1372300088405609
192,vqdm,0.1531991958618164
193,vqdm,0.14625012874603271
194,vqdm,0.12477239221334457
195,vqdm,0.13865594565868378
196,vqdm,0.1381927728652954
197,vqdm,0.14802052080631256
198,vqdm,0.14938606321811676
199,vqdm,0.13357578217983246
200,vqdm,0.14178466796875
201,vqdm,0.1414332389831543
202,vqdm,0.1542968899011612
203,vqdm,0.13014176487922668
204,vqdm,0.127447247505188
205,vqdm,0.1280178725719452
206,vqdm,0.13883617520332336
207,vqdm,0.12707334756851196
208,vqdm,0.1272948533296585
209,vqdm,0.13897471129894257
210,vqdm,0.13566726446151733
211,vqdm,0.14677193760871887
212,vqdm,0.13835503160953522
213,vqdm,0.12749731540679932
214,vqdm,0.12681300938129425
215,vqdm,0.13702191412448883
216,vqdm,0.14844857156276703
217,vqdm,0.13652867078781128
218,vqdm,0.13589413464069366
219,vqdm,0.14022886753082275
220,vqdm,0.13213978707790375
221,vqdm,0.15179842710494995
222,vqdm,0.1531991958618164
223,vqdm,0.16258813440799713
1,wukong,0.14688777923583984
2,wukong,0.15404139459133148
3,wukong,0.14108817279338837
4,wukong,0.1401096135377884
5,wukong,0.14117498695850372
6,wukong,0.14014257490634918
7,wukong,0.14476928114891052
8,wukong,0.1485571563243866
9,wukong,0.1425871104001999
10,wukong,0.14388321340084076
11,wukong,0.13908430933952332
12,wukong,0.14995034039020538
13,wukong,0.14834025502204895
14,wukong,0.14803116023540497
15,wukong,0.14718864858150482
16,wukong,0.1406456083059311
17,wukong,0.1426948755979538
18,wukong,0.1456606239080429
19,wukong,0.14313600957393646
20,wukong,0.14001233875751495
21,wukong,0.14690114557743073
22,wukong,0.14357388019561768
23,wukong,0.14872974157333374
24,wukong,0.14471645653247833
25,wukong,0.14816202223300934
26,wukong,0.1519664227962494
27,wukong,0.1462220996618271
28,wukong,0.1479884684085846
29,wukong,0.1509578824043274
30,wukong,0.142929345369339
31,wukong,0.1439235806465149
32,wukong,0.14531037211418152
33,wukong,0.1488497257232666
34,wukong,0.14566285908222198
35,wukong,0.14188875257968903
36,wukong,0.13896527886390686
37,wukong,0.14758414030075073
38,wukong,0.148854061961174
39,wukong,0.14529354870319366
40,wukong,0.15068896114826202
41,wukong,0.14857925474643707
42,wukong,0.1432720422744751
43,wukong,0.14432604610919952
44,wukong,0.14597682654857635
45,wukong,0.14929954707622528
46,wukong,0.1502775102853775
47,wukong,0.14494110643863678
48,wukong,0.1504511833190918
49,wukong,0.14439383149147034
50,wukong,0.14979586005210876
51,wukong,0.15146636962890625
52,wukong,0.1448344886302948
53,wukong,0.1443365216255188
54,wukong,0.1487474888563156
55,wukong,0.13902217149734497
56,wukong,0.15026648342609406
57,wukong,0.14188887178897858
58,wukong,0.1485947072505951
59,wukong,0.1501910537481308
60,wukong,0.14353469014167786
61,wukong,0.15081161260604858
62,wukong,0.14971408247947693
63,wukong,0.14688777923583984
64,wukong,0.15428316593170166
65,wukong,0.15304073691368103
66,wukong,0.1458643674850464
67,wukong,0.14432604610919952
68,wukong,0.14616461098194122
69,wukong,0.1455572247505188
70,wukong,0.1444789469242096
71,wukong,0.14709632098674774
72,wukong,0.14565986394882202
73,wukong,0.14541937410831451
74,wukong,0.15593956410884857
75,wukong,0.1478377878665924
76,wukong,0.14389494061470032
77,wukong,0.14523084461688995
78,wukong,0.15116818249225616
79,wukong,0.1503131240606308
80,wukong,0.14826670289039612
81,wukong,0.14805707335472107
82,wukong,0.1518852412700653
83,wukong,0.14796182513237
84,wukong,0.14423614740371704
85,wukong,0.14371682703495026
86,wukong,0.1499672830104828
87,wukong,0.14692138135433197
88,wukong,0.14858190715312958
89,wukong,0.14865826070308685
90,wukong,3.0482775400741957e-05
91,wukong,0.13796880841255188
92,wukong,4.5360298827290535e-05
93,wukong,3.067894431296736e-05
94,wukong,0.14345049858093262
95,wukong,0.11809798330068588
96,wukong,0.12155256420373917
97,wukong,0.13742482662200928
98,wukong,0.13667403161525726
99,wukong,0.17349648475646973
100,wukong,3.0482775400741957e-05
101,wukong,3.99807547069031e-08
102,wukong,0.15775319933891296
103,wukong,0.14345049858093262
104,wukong,0.15994708240032196
105,wukong,4.5360298827290535e-05
106,wukong,4.5360298827290535e-05
107,wukong,3.99807547069031e-08
108,wukong,3.99807547069031e-08
109,wukong,3.99807547069031e-08
110,wukong,3.99807547069031e-08
111,wukong,4.386765340314014e-06
112,wukong,0.1405966579914093
113,wukong,0.17033644020557404
114,wukong,0.13614043593406677
115,wukong,0.13279397785663605
116,wukong,0.16202396154403687
117,wukong,0.1809207946062088
118,wukong,0.17019137740135193
119,wukong,0.1045122817158699
120,wukong,0.11375733464956284
121,wukong,0.16525901854038239
122,wukong,0.11340034008026123
123,wukong,0.09081824123859406
124,wukong,0.1379760503768921
125,wukong,0.11703096330165863
126,wukong,0.07792112231254578
127,wukong,0.14313805103302002
128,wukong,0.13014648854732513
129,wukong,0.13033132255077362
130,wukong,0.17413775622844696
131,wukong,0.1459614634513855
132,wukong,0.06315520405769348
133,wukong,0.17486576735973358
134,wukong,0.14044654369354248
135,wukong,0.2108924388885498
136,wukong,0.14785702526569366
137,wukong,0.10106303542852402
138,wukong,0.13040730357170105
139,wukong,0.1545810103416443
140,wukong,0.1236967071890831
141,wukong,0.10968542844057083
142,wukong,0.14100131392478943
143,wukong,0.08342611789703369
144,wukong,0.20244568586349487
145,wukong,0.17393401265144348
146,wukong,0.18514588475227356
147,wukong,0.16727443039417267
148,wukong,0.1366245448589325
149,wukong,0.24951305985450745
150,wukong,0.14000549912452698
151,wukong,0.088307686150074
152,wukong,0.12641653418540955
153,wukong,0.07819744199514389
154,wukong,0.1257413625717163
155,wukong,0.09706291556358337
156,wukong,5.626528576385681e-08
157,wukong,2.1820804363414936e-07
158,wukong,0.00017700251191854477
159,wukong,1.599055394763127e-05
160,wukong,2.704801147501712e-07
161,wukong,0.009171560406684875
162,wukong,0.00047534090117551386
163,wukong,4.5360298827290535e-05
164,wukong,2.704801147501712e-07
165,wukong,2.704801147501712e-07
189,wukong,0.131047785282135
190,wukong,0.0716586634516716
191,wukong,0.1903744488954544
192,wukong,0.07408134639263153
193,wukong,0.06721673160791397
194,wukong,0.05120256915688515
195,wukong,0.046090710908174515
196,wukong,0.15956582129001617
197,wukong,0.052157480269670486
198,wukong,0.05741163715720177
199,wukong,0.05282904952764511
200,wukong,0.14173924922943115
201,wukong,0.10884864628314972
202,wukong,0.07796507328748703
203,wukong,0.04898341745138168
204,wukong,0.05189259722828865
205,wukong,0.05354872718453407
206,wukong,0.09923678636550903
207,wukong,0.062305547297000885
208,wukong,0.062462493777275085
209,wukong,0.06616967916488647
210,wukong,0.1085568368434906
211,wukong,0.07060038298368454
212,wukong,0.11951275914907455
213,wukong,0.052292436361312866
214,wukong,0.057073924690485
215,wukong,0.1568000465631485
216,wukong,0.07256006449460983
217,wukong,0.12534740567207336
218,wukong,0.11812470108270645
219,wukong,0.1364111751317978
220,wukong,0.131047785282135
221,wukong,0.0716586634516716
222,wukong,0.07408134639263153
223,wukong,0.0836171880364418
1,stable-diffusion,0.0
2,stable-diffusion,0.0
3,stable-diffusion,0.0
4,stable-diffusion,0.0
5,stable-diffusion,0.0
6,stable-diffusion,0.0
7,stable-diffusion,0.0
8,stable-diffusion,0.0
9,stable-diffusion,0.0
10,stable-diffusion,0.0
11,stable-diffusion,0.0
12,stable-diffusion,0.0
13,stable-diffusion,0.0
14,stable-diffusion,0.0
15,stable-diffusion,0.0
16,stable-diffusion,0.0
17,stable-diffusion,0.0
18,stable-diffusion,0.0
19,stable-diffusion,0.0
20,stable-diffusion,0.0
21,stable-diffusion,0.0
22,stable-diffusion,0.0
23,stable-diffusion,0.0
24,stable-diffusion,0.0
25,stable-diffusion,0.0
26,stable-diffusion,0.0
27,stable-diffusion,0.0
28,stable-diffusion,0.0
29,stable-diffusion,0.0
30,stable-diffusion,0.0
31,stable-diffusion,0.0
32,stable-diffusion,0.0
33,stable-diffusion,0.0
34,stable-diffusion,0.0
35,stable-diffusion,0.0
36,stable-diffusion,0.0
37,stable-diffusion,0.0
38,stable-diffusion,0.0
39,stable-diffusion,0.0
40,stable-diffusion,0.0
41,stable-diffusion,0.0
42,stable-diffusion,0.0
43,stable-diffusion,0.0
44,stable-diffusion,0.0
45,stable-diffusion,0.0
46,stable-diffusion,0.0
47,stable-diffusion,0.0
48,stable-diffusion,0.0
49,stable-diffusion,0.0
50,stable-diffusion,0.0
51,stable-diffusion,0.0
52,stable-diffusion,0.0
53,stable-diffusion,0.0
54,stable-diffusion,0.0
55,stable-diffusion,0.0
56,stable-diffusion,0.0
57,stable-diffusion,0.0
58,stable-diffusion,0.0
59,stable-diffusion,0.0
60,stable-diffusion,0.0
61,stable-diffusion,0.0
62,stable-diffusion,0.0
63,stable-diffusion,0.0
64,stable-diffusion,0.0
65,stable-diffusion,0.0
66,stable-diffusion,0.0
67,stable-diffusion,0.0
68,stable-diffusion,0.1235286071896553
69,stable-diffusion,0.12461599707603455
70,stable-diffusion,0.1236819177865982
71,stable-diffusion,0.12810395658016205
72,stable-diffusion,0.12175086885690689
73,stable-diffusion,0.12306875735521317
74,stable-diffusion,0.14051955938339233
75,stable-diffusion,0.0
76,stable-diffusion,0.0
77,stable-diffusion,0.0
78,stable-diffusion,0.0
79,stable-diffusion,0.0
80,stable-diffusion,0.0
81,stable-diffusion,0.0
82,stable-diffusion,0.0
83,stable-diffusion,0.0
84,stable-diffusion,0.0
85,stable-diffusion,0.0
86,stable-diffusion,0.0
87,stable-diffusion,0.0
88,stable-diffusion,0.0
89,stable-diffusion,0.0
90,stable-diffusion,0.0
91,stable-diffusion,0.0
92,stable-diffusion,0.0
93,stable-diffusion,0.0
94,stable-diffusion,0.0
95,stable-diffusion,0.0
96,stable-diffusion,0.0
97,stable-diffusion,0.0
98,stable-diffusion,0.0
99,stable-diffusion,0.0
100,stable-diffusion,0.0
101,stable-diffusion,0.0
102,stable-diffusion,0.0
103,stable-diffusion,0.0
104,stable-diffusion,0.0
105,stable-diffusion,0.0
106,stable-diffusion,0.0
107,stable-diffusion,0.0
108,stable-diffusion,0.0
109,stable-diffusion,0.0
110,stable-diffusion,0.0
111,stable-diffusion,0.0
112,stable-diffusion,0.0
113,stable-diffusion,0.0
114,stable-diffusion,0.0
115,stable-diffusion,0.0
116,stable-diffusion,0.0
117,stable-diffusion,0.0
118,stable-diffusion,0.0
119,stable-diffusion,0.0
120,stable-diffusion,0.0
121,stable-diffusion,0.0
122,stable-diffusion,0.0
123,stable-diffusion,0.0
124,stable-diffusion,0.0
125,stable-diffusion,0.0
126,stable-diffusion,0.0
127,stable-diffusion,0.0
128,stable-diffusion,0.0
129,stable-diffusion,0.0
130,stable-diffusion,0.0
131,stable-diffusion,0.0
132,stable-diffusion,0.0
133,stable-diffusion,0.0
134,stable-diffusion,0.0
135,stable-diffusion,0.0
136,stable-diffusion,0.0
137,stable-diffusion,0.0
138,stable-diffusion,0.0
139,stable-diffusion,0.0
140,stable-diffusion,0.0
141,stable-diffusion,0.0
142,stable-diffusion,0.0
143,stable-diffusion,0.0
144,stable-diffusion,0.0
145,stable-diffusion,0.0
146,stable-diffusion,0.0
147,stable-diffusion,0.0
148,stable-diffusion,0.0
149,stable-diffusion,0.0
150,stable-diffusion,0.0
151,stable-diffusion,0.0
152,stable-diffusion,0.0
153,stable-diffusion,0.0
154,stable-diffusion,0.0
155,stable-diffusion,0.0
156,stable-diffusion,0.0
157,stable-diffusion,0.0
158,stable-diffusion,0.0
159,stable-diffusion,0.0
160,stable-diffusion,0.0
161,stable-diffusion,0.0
162,stable-diffusion,0.0
163,stable-diffusion,0.0
164,stable-diffusion,0.0
165,stable-diffusion,0.0
189,stable-diffusion,0.0
190,stable-diffusion,0.0
191,stable-diffusion,0.0
192,stable-diffusion,0.0
193,stable-diffusion,0.0
194,stable-diffusion,0.0
195,stable-diffusion,0.0
196,stable-diffusion,0.0
197,stable-diffusion,0.0
198,stable-diffusion,0.0
199,stable-diffusion,0.0
200,stable-diffusion,0.0
201,stable-diffusion,0.0
202,stable-diffusion,0.0
203,stable-diffusion,0.0
204,stable-diffusion,0.0
205,stable-diffusion,0.0
206,stable-diffusion,0.0
207,stable-diffusion,0.0
208,stable-diffusion,0.0
209,stable-diffusion,0.0
210,stable-diffusion,0.0
211,stable-diffusion,0.0
212,stable-diffusion,0.0
213,stable-diffusion,0.0
214,stable-diffusion,0.0
215,stable-diffusion,0.0
216,stable-diffusion,0.0
217,stable-diffusion,0.0
218,stable-diffusion,0.0
219,stable-diffusion,0.0
220,stable-diffusion,0.0
221,stable-diffusion,0.0
222,stable-diffusion,0.0
223,stable-diffusion,0.0
1,sdxl,0.0
2,sdxl,0.0
3,sdxl,0.0
4,sdxl,0.0
5,sdxl,0.0
6,sdxl,0.0
7,sdxl,0.0
8,sdxl,0.0
9,sdxl,0.0
10,sdxl,0.0
11,sdxl,0.0
12,sdxl,0.0
13,sdxl,0.0
14,sdxl,0.0
15,sdxl,0.0
16,sdxl,0.0
17,sdxl,0.0
18,sdxl,0.0
19,sdxl,0.0
20,sdxl,0.0
21,sdxl,0.0
22,sdxl,0.0
23,sdxl,0.0
24,sdxl,0.0
25,sdxl,0.0
26,sdxl,0.0
27,sdxl,0.0
28,sdxl,0.0
29,sdxl,0.0
30,sdxl,0.0
31,sdxl,0.0
32,sdxl,0.0
33,sdxl,0.0
34,sdxl,0.0
35,sdxl,0.0
36,sdxl,0.0
37,sdxl,0.0
38,sdxl,0.0
39,sdxl,0.0
40,sdxl,0.0
41,sdxl,0.0
42,sdxl,0.0
43,sdxl,0.0
44,sdxl,0.0
45,sdxl,0.0
46,sdxl,0.0
47,sdxl,0.0
48,sdxl,0.0
49,sdxl,0.0
50,sdxl,0.0
51,sdxl,0.0
52,sdxl,0.0
53,sdxl,0.0
54,sdxl,0.0
55,sdxl,0.0
56,sdxl,0.0
57,sdxl,0.0
58,sdxl,0.0
59,sdxl,0.0
60,sdxl,0.0
61,sdxl,0.0
62,sdxl,0.0
63,sdxl,0.0
64,sdxl,0.0
65,sdxl,0.0
66,sdxl,0.0
67,sdxl,0.0
68,sdxl,0.13111092150211334
69,sdxl,0.13430723547935486
70,sdxl,0.13129013776779175
71,sdxl,0.1407773494720459
72,sdxl,0.13248024880886078
73,sdxl,0.13397006690502167
74,sdxl,0.13078376650810242
75,sdxl,0.0
76,sdxl,0.0
77,sdxl,0.0
78,sdxl,0.0
79,sdxl,0.0
80,sdxl,0.0
81,sdxl,0.0
82,sdxl,0.0
83,sdxl,0.0
84,sdxl,0.0
85,sdxl,0.0
86,sdxl,0.0
87,sdxl,0.0
88,sdxl,0.0
89,sdxl,0.0
90,sdxl,0.0
91,sdxl,0.0
92,sdxl,0.0
93,sdxl,0.0
94,sdxl,0.0
95,sdxl,0.0
96,sdxl,0.0
97,sdxl,0.0
98,sdxl,0.0
99,sdxl,0.0
100,sdxl,0.0
101,sdxl,0.0
102,sdxl,0.0
103,sdxl,0.0
104,sdxl,0.0
105,sdxl,0.0
106,sdxl,0.0
107,sdxl,0.0
108,sdxl,0.0
109,sdxl,0.0
110,sdxl,0.0
111,sdxl,0.0
112,sdxl,0.0
113,sdxl,0.0
114,sdxl,0.0
115,sdxl,0.0
116,sdxl,0.0
117,sdxl,0.0
118,sdxl,0.0
119,sdxl,0.0
120,sdxl,0.0
121,sdxl,0.0
122,sdxl,0.0
123,sdxl,0.0
124,sdxl,0.0
125,sdxl,0.0
126,sdxl,0.0
127,sdxl,0.0
128,sdxl,0.0
129,sdxl,0.0
130,sdxl,0.0
131,sdxl,0.0
132,sdxl,0.0
133,sdxl,0.0
134,sdxl,0.0
135,sdxl,0.0
136,sdxl,0.0
137,sdxl,0.0
138,sdxl,0.0
139,sdxl,0.0
140,sdxl,0.0
141,sdxl,0.0
142,sdxl,0.0
143,sdxl,0.0
144,sdxl,0.0
145,sdxl,0.0
146,sdxl,0.0
147,sdxl,0.0
148,sdxl,0.0
149,sdxl,0.0
150,sdxl,0.0
151,sdxl,0.0
152,sdxl,0.0
153,sdxl,0.0
154,sdxl,0.0
155,sdxl,0.0
156,sdxl,0.0
157,sdxl,0.0
158,sdxl,0.0
159,sdxl,0.0
160,sdxl,0.0
161,sdxl,0.0
162,sdxl,0.0
163,sdxl,0.0
164,sdxl,0.0
165,sdxl,0.0
189,sdxl,0.0
190,sdxl,0.0
191,sdxl,0.0
192,sdxl,0.0
193,sdxl,0.0
194,sdxl,0.0
195,sdxl,0.0
196,sdxl,0.0
197,sdxl,0.0
198,sdxl,0.0
199,sdxl,0.0
200,sdxl,0.0
201,sdxl,0.0
202,sdxl,0.0
203,sdxl,0.0
204,sdxl,0.0
205,sdxl,0.0
206,sdxl,0.0
207,sdxl,0.0
208,sdxl,0.0
209,sdxl,0.0
210,sdxl,0.0
211,sdxl,0.0
212,sdxl,0.0
213,sdxl,0.0
214,sdxl,0.0
215,sdxl,0.0
216,sdxl,0.0
217,sdxl,0.0
218,sdxl,0.0
219,sdxl,0.0
220,sdxl,0.0
221,sdxl,0.0
222,sdxl,0.0
223,sdxl,0.0
1,dalle,0.0
2,dalle,0.0
3,dalle,0.0
4,dalle,0.0
5,dalle,0.0
6,dalle,0.0
7,dalle,0.0
8,dalle,0.0
9,dalle,0.0
10,dalle,0.0
11,dalle,0.0
12,dalle,0.0
13,dalle,0.0
14,dalle,0.0
15,dalle,0.0
16,dalle,0.0
17,dalle,0.0
18,dalle,0.0
19,dalle,0.0
20,dalle,0.0
21,dalle,0.0
22,dalle,0.0
23,dalle,0.0
24,dalle,0.0
25,dalle,0.0
26,dalle,0.0
27,dalle,0.0
28,dalle,0.0
29,dalle,0.0
30,dalle,0.0
31,dalle,0.0
32,dalle,0.0
33,dalle,0.0
34,dalle,0.0
35,dalle,0.0
36,dalle,0.0
37,dalle,0.0
38,dalle,0.0
39,dalle,0.0
40,dalle,0.0
41,dalle,0.0
42,dalle,0.0
43,dalle,0.0
44,dalle,0.0
45,dalle,0.0
46,dalle,0.0
47,dalle,0.0
48,dalle,0.0
49,dalle,0.0
50,dalle,0.0
51,dalle,0.0
52,dalle,0.0
53,dalle,0.0
54,dalle,0.0
55,dalle,0.0
56,dalle,0.0
57,dalle,0.0
58,dalle,0.0
59,dalle,0.0
60,dalle,0.0
61,dalle,0.0
62,dalle,0.0
63,dalle,0.0
64,dalle,0.0
65,dalle,0.0
66,dalle,0.0
67,dalle,0.0
68,dalle,0.14187948405742645
69,dalle,0.14210014045238495
70,dalle,0.14139655232429504
71,dalle,0.1435842514038086
72,dalle,0.14265641570091248
73,dalle,0.14238247275352478
74,dalle,0.14927901327610016
75,dalle,0.0
76,dalle,0.0
77,dalle,0.0
78,dalle,0.0
79,dalle,0.0
80,dalle,0.0
81,dalle,0.0
82,dalle,0.0
83,dalle,0.0
84,dalle,0.0
85,dalle,0.0
86,dalle,0.0
87,dalle,0.0
88,dalle,0.0
89,dalle,0.0
90,dalle,0.0
91,dalle,0.0
92,dalle,0.0
93,dalle,0.0
94,dalle,0.0
95,dalle,0.0
96,dalle,0.0
97,dalle,0.0
98,dalle,0.0
99,dalle,0.0
100,dalle,0.0
101,dalle,0.0
102,dalle,0.0
103,dalle,0.0
104,dalle,0.0
105,dalle,0.0
106,dalle,0.0
107,dalle,0.0
108,dalle,0.0
109,dalle,0.0
110,dalle,0.0
111,dalle,0.0
112,dalle,0.0
113,dalle,0.0
114,dalle,0.0
115,dalle,0.0
116,dalle,0.0
117,dalle,0.0
118,dalle,0.0
119,dalle,0.0
120,dalle,0.0
121,dalle,0.0
122,dalle,0.0
123,dalle,0.0
124,dalle,0.0
125,dalle,0.0
126,dalle,0.0
127,dalle,0.0
128,dalle,0.0
129,dalle,0.0
130,dalle,0.0
131,dalle,0.0
132,dalle,0.0
133,dalle,0.0
134,dalle,0.0
135,dalle,0.0
136,dalle,0.0
137,dalle,0.0
138,dalle,0.0
139,dalle,0.0
140,dalle,0.0
141,dalle,0.0
142,dalle,0.0
143,dalle,0.0
144,dalle,0.0
145,dalle,0.0
146,dalle,0.0
147,dalle,0.0
148,dalle,0.0
149,dalle,0.0
150,dalle,0.0
151,dalle,0.0
152,dalle,0.0
153,dalle,0.0
154,dalle,0.0
155,dalle,0.0
156,dalle,0.0
157,dalle,0.0
158,dalle,0.0
159,dalle,0.0
160,dalle,0.0
161,dalle,0.0
162,dalle,0.0
163,dalle,0.0
164,dalle,0.0
165,dalle,0.0
189,dalle,0.0
190,dalle,0.0
191,dalle,0.0
192,dalle,0.0
193,dalle,0.0
194,dalle,0.0
195,dalle,0.0
196,dalle,0.0
197,dalle,0.0
198,dalle,0.0
199,dalle,0.0
200,dalle,0.0
201,dalle,0.0
202,dalle,0.0
203,dalle,0.0
204,dalle,0.0
205,dalle,0.0
206,dalle,0.0
207,dalle,0.0
208,dalle,0.0
209,dalle,0.0
210,dalle,0.0
211,dalle,0.0
212,dalle,0.0
213,dalle,0.0
214,dalle,0.0
215,dalle,0.0
216,dalle,0.0
217,dalle,0.0
218,dalle,0.0
219,dalle,0.0
220,dalle,0.0
221,dalle,0.0
222,dalle,0.0
223,dalle,0.0
