id,created_at,filename,stored_path,mime_type,width,height,prediction,prob_ai,prob_nature,confidence,source,inference_time_ms,model_version,ground_truth_label,generator_label,generator_json,file_size,blur_score,model_version_parsed,model_checksum,generator_json_parsed,created_at_dt,created_date
4,2025-10-15T04:13:12.679145+00:00,image-12.jpg,6905f62c10c14bcf9f79b53b371e7634.jpg,image/jpeg,178,218,nature,0.08740692585706711,0.9125931262969971,0.9125931262969971,upload,,,,,"{""adm"": 0.15776309370994568, ""biggan"": 0.1333221048116684, ""glide"": 0.12699222564697266, ""midjourney"": 0.13963015377521515, ""sdv5"": 0.14745065569877625, ""vqdm"": 0.1547321230173111, ""wukong"": 0.1401096135377884}",,,,,"{'adm': 0.15776309370994568, 'biggan': 0.1333221048116684, 'glide': 0.12699222564697266, 'midjourney': 0.13963015377521515, 'sdv5': 0.14745065569877625, 'vqdm': 0.1547321230173111, 'wukong': 0.1401096135377884}",2025-10-15 04:13:12.679145+00:00,2025-10-15
5,2025-10-15T04:13:23.136173+00:00,image-5.jpg,d7f410d20dcd4ab686236b083bc059ba.jpg,image/jpeg,178,218,nature,0.09904032945632935,0.9009596109390259,0.9009596109390259,upload,,,,,"{""adm"": 0.15840083360671997, ""biggan"": 0.13325032591819763, ""glide"": 0.12820568680763245, ""midjourney"": 0.13708767294883728, ""sdv5"": 0.146574467420578, ""vqdm"": 0.15530602633953094, ""wukong"": 0.14117498695850372}",,,,,"{'adm': 0.15840083360671997, 'biggan': 0.13325032591819763, 'glide': 0.12820568680763245, 'midjourney': 0.13708767294883728, 'sdv5': 0.146574467420578, 'vqdm': 0.15530602633953094, 'wukong': 0.14117498695850372}",2025-10-15 04:13:23.136173+00:00,2025-10-15
6,2025-10-15T04:13:30.278905+00:00,image-8.jpg,88e6df257cc34d7d9283de3418c61ef4.jpg,image/jpeg,178,218,nature,0.04760555922985077,0.952394425868988,0.952394425868988,upload,,,,,"{""adm"": 0.16142836213111877, ""biggan"": 0.1336941421031952, ""glide"": 0.12533968687057495, ""midjourney"": 0.1359534114599228, ""sdv5"": 0.14619728922843933, ""vqdm"": 0.15724456310272217, ""wukong"": 0.14014257490634918}",,,,,"{'adm': 0.16142836213111877, 'biggan': 0.1336941421031952, 'glide': 0.12533968687057495, 'midjourney': 0.1359534114599228, 'sdv5': 0.14619728922843933, 'vqdm': 0.15724456310272217, 'wukong': 0.14014257490634918}",2025-10-15 04:13:30.278905+00:00,2025-10-15
9,2025-10-15T04:16:54.146649+00:00,4250.jpg,0b7f29f099dc4e7893c1804a895fc9d0.jpg,image/jpeg,512,512,nature,0.14309297502040863,0.8569070100784302,0.8569070100784302,upload,,,,,"{""adm"": 0.15217579901218414, ""biggan"": 0.1330316662788391, ""glide"": 0.13087601959705353, ""midjourney"": 0.1409136950969696, ""sdv5"": 0.14725978672504425, ""vqdm"": 0.15315593779087067, ""wukong"": 0.1425871104001999}",,,,,"{'adm': 0.15217579901218414, 'biggan': 0.1330316662788391, 'glide': 0.13087601959705353, 'midjourney': 0.1409136950969696, 'sdv5': 0.14725978672504425, 'vqdm': 0.15315593779087067, 'wukong': 0.1425871104001999}",2025-10-15 04:16:54.146649+00:00,2025-10-15
10,2025-10-15T04:16:58.435748+00:00,4275.jpg,863ecd0b04e24162be93adf87a50b0c9.jpg,image/jpeg,512,512,nature,0.4985889196395874,0.5014110803604126,0.5014110803604126,upload,,,,,"{""adm"": 0.14901521801948547, ""biggan"": 0.1359223574399948, ""glide"": 0.13434121012687683, ""midjourney"": 0.13967840373516083, ""sdv5"": 0.15010052919387817, ""vqdm"": 0.1470591127872467, ""wukong"": 0.14388321340084076}",,,,,"{'adm': 0.14901521801948547, 'biggan': 0.1359223574399948, 'glide': 0.13434121012687683, 'midjourney': 0.13967840373516083, 'sdv5': 0.15010052919387817, 'vqdm': 0.1470591127872467, 'wukong': 0.14388321340084076}",2025-10-15 04:16:58.435748+00:00,2025-10-15
11,2025-10-15T04:17:04.108767+00:00,4387.jpg,f0f13971d8ba4049b779ea52ec5ca87c.jpg,image/jpeg,512,512,nature,0.032805632799863815,0.9671943187713623,0.9671943187713623,upload,,,,,"{""adm"": 0.16348780691623688, ""biggan"": 0.13161659240722656, ""glide"": 0.12426522374153137, ""midjourney"": 0.1350613832473755, ""sdv5"": 0.14654214680194855, ""vqdm"": 0.15994255244731903, ""wukong"": 0.13908430933952332}",,,,,"{'adm': 0.16348780691623688, 'biggan': 0.13161659240722656, 'glide': 0.12426522374153137, 'midjourney': 0.1350613832473755, 'sdv5': 0.14654214680194855, 'vqdm': 0.15994255244731903, 'wukong': 0.13908430933952332}",2025-10-15 04:17:04.108767+00:00,2025-10-15
16,2025-10-15T04:17:43.348193+00:00,4449.jpg,88474eff46c84998824806bda67b4bce.jpg,image/jpeg,512,512,nature,0.03836199641227722,0.9616380333900452,0.9616380333900452,upload,,,,,"{""adm"": 0.1617710441350937, ""biggan"": 0.13225437700748444, ""glide"": 0.12318994104862213, ""midjourney"": 0.13692030310630798, ""sdv5"": 0.14629021286964417, ""vqdm"": 0.15892846882343292, ""wukong"": 0.1406456083059311}",,,,,"{'adm': 0.1617710441350937, 'biggan': 0.13225437700748444, 'glide': 0.12318994104862213, 'midjourney': 0.13692030310630798, 'sdv5': 0.14629021286964417, 'vqdm': 0.15892846882343292, 'wukong': 0.1406456083059311}",2025-10-15 04:17:43.348193+00:00,2025-10-15
17,2025-10-15T04:17:49.035051+00:00,4469.jpg,f0361d277065484f9acfa8aa73ba17b6.jpg,image/jpeg,512,512,nature,0.16250938177108765,0.8374905586242676,0.8374905586242676,upload,,,,,"{""adm"": 0.1529148370027542, ""biggan"": 0.1334230750799179, ""glide"": 0.128828227519989, ""midjourney"": 0.14084216952323914, ""sdv5"": 0.14861927926540375, ""vqdm"": 0.1526774913072586, ""wukong"": 0.1426948755979538}",,,,,"{'adm': 0.1529148370027542, 'biggan': 0.1334230750799179, 'glide': 0.128828227519989, 'midjourney': 0.14084216952323914, 'sdv5': 0.14861927926540375, 'vqdm': 0.1526774913072586, 'wukong': 0.1426948755979538}",2025-10-15 04:17:49.035051+00:00,2025-10-15
19,2025-10-15T04:18:00.693869+00:00,4517.jpg,9b05f3b5f5d34fcf825bd22857d72acb.jpg,image/jpeg,512,512,nature,0.0337277315557003,0.9662722945213318,0.9662722945213318,upload,,,,,"{""adm"": 0.16146741807460785, ""biggan"": 0.13141991198062897, ""glide"": 0.12441034615039825, ""midjourney"": 0.13079124689102173, ""sdv5"": 0.14487585425376892, ""vqdm"": 0.16389919817447662, ""wukong"": 0.14313600957393646}",,,,,"{'adm': 0.16146741807460785, 'biggan': 0.13141991198062897, 'glide': 0.12441034615039825, 'midjourney': 0.13079124689102173, 'sdv5': 0.14487585425376892, 'vqdm': 0.16389919817447662, 'wukong': 0.14313600957393646}",2025-10-15 04:18:00.693869+00:00,2025-10-15
20,2025-10-15T04:18:14.903515+00:00,4736.jpg,e6e23a0dd22a45aa9b73ba0afe54533f.jpg,image/jpeg,512,512,nature,0.0295984148979187,0.9704015254974365,0.9704015254974365,upload,,,,,"{""adm"": 0.1623089760541916, ""biggan"": 0.1321680098772049, ""glide"": 0.1226249486207962, ""midjourney"": 0.1360328495502472, ""sdv5"": 0.14578373730182648, ""vqdm"": 0.16106916964054108, ""wukong"": 0.14001233875751495}",,,,,"{'adm': 0.1623089760541916, 'biggan': 0.1321680098772049, 'glide': 0.1226249486207962, 'midjourney': 0.1360328495502472, 'sdv5': 0.14578373730182648, 'vqdm': 0.16106916964054108, 'wukong': 0.14001233875751495}",2025-10-15 04:18:14.903515+00:00,2025-10-15
22,2025-10-15T04:18:37.377938+00:00,5572.jpg,d5aeb569a57640e69e22e54d85d78efc.jpg,image/jpeg,512,512,nature,0.16396267712116241,0.8360373377799988,0.8360373377799988,upload,,,,,"{""adm"": 0.15377959609031677, ""biggan"": 0.13360579311847687, ""glide"": 0.13011999428272247, ""midjourney"": 0.13756029307842255, ""sdv5"": 0.14754211902618408, ""vqdm"": 0.15381839871406555, ""wukong"": 0.14357388019561768}",,,,,"{'adm': 0.15377959609031677, 'biggan': 0.13360579311847687, 'glide': 0.13011999428272247, 'midjourney': 0.13756029307842255, 'sdv5': 0.14754211902618408, 'vqdm': 0.15381839871406555, 'wukong': 0.14357388019561768}",2025-10-15 04:18:37.377938+00:00,2025-10-15
24,2025-10-15T04:18:47.765577+00:00,1609.jpg,f1cef4cee5c14cb9ab075f45d0bdf132.jpg,image/jpeg,512,512,nature,0.40155115723609924,0.5984488129615784,0.5984488129615784,upload,,,,,"{""adm"": 0.14882080256938934, ""biggan"": 0.13617867231369019, ""glide"": 0.1337399184703827, ""midjourney"": 0.139572873711586, ""sdv5"": 0.1484726071357727, ""vqdm"": 0.14849866926670074, ""wukong"": 0.14471645653247833}",,,,,"{'adm': 0.14882080256938934, 'biggan': 0.13617867231369019, 'glide': 0.1337399184703827, 'midjourney': 0.139572873711586, 'sdv5': 0.1484726071357727, 'vqdm': 0.14849866926670074, 'wukong': 0.14471645653247833}",2025-10-15 04:18:47.765577+00:00,2025-10-15
30,2025-10-15T04:19:24.922067+00:00,5639.jpg,0f64d79359604b249f4378c9332d44ca.jpg,image/jpeg,512,512,nature,0.09227587282657623,0.9077240824699402,0.9077240824699402,upload,,,,,"{""adm"": 0.15358807146549225, ""biggan"": 0.13157398998737335, ""glide"": 0.12741133570671082, ""midjourney"": 0.14046242833137512, ""sdv5"": 0.14796225726604462, ""vqdm"": 0.15607257187366486, ""wukong"": 0.142929345369339}",,,,,"{'adm': 0.15358807146549225, 'biggan': 0.13157398998737335, 'glide': 0.12741133570671082, 'midjourney': 0.14046242833137512, 'sdv5': 0.14796225726604462, 'vqdm': 0.15607257187366486, 'wukong': 0.142929345369339}",2025-10-15 04:19:24.922067+00:00,2025-10-15
31,2025-10-15T04:19:30.424313+00:00,5781.jpg,dfd72a1bfb7248fe89516d6900fa018f.jpg,image/jpeg,512,512,nature,0.07052463293075562,0.9294753670692444,0.9294753670692444,upload,,,,,"{""adm"": 0.15451735258102417, ""biggan"": 0.13337953388690948, ""glide"": 0.1282769739627838, ""midjourney"": 0.1364530473947525, ""sdv5"": 0.1459277719259262, ""vqdm"": 0.15752173960208893, ""wukong"": 0.1439235806465149}",,,,,"{'adm': 0.15451735258102417, 'biggan': 0.13337953388690948, 'glide': 0.1282769739627838, 'midjourney': 0.1364530473947525, 'sdv5': 0.1459277719259262, 'vqdm': 0.15752173960208893, 'wukong': 0.1439235806465149}",2025-10-15 04:19:30.424313+00:00,2025-10-15
32,2025-10-15T04:19:37.749578+00:00,5888.jpg,bcfd182af3c44cc7933b588a189fdc9e.jpg,image/jpeg,512,512,nature,0.04817761853337288,0.9518224000930786,0.9518224000930786,upload,,,,,"{""adm"": 0.15684998035430908, ""biggan"": 0.13298705220222473, ""glide"": 0.1267038881778717, ""midjourney"": 0.13265196979045868, ""sdv5"": 0.14541210234165192, ""vqdm"": 0.1600845903158188, ""wukong"": 0.14531037211418152}",,,,,"{'adm': 0.15684998035430908, 'biggan': 0.13298705220222473, 'glide': 0.1267038881778717, 'midjourney': 0.13265196979045868, 'sdv5': 0.14541210234165192, 'vqdm': 0.1600845903158188, 'wukong': 0.14531037211418152}",2025-10-15 04:19:37.749578+00:00,2025-10-15
34,2025-10-15T04:19:47.705445+00:00,1859.jpg,be73cf6d01774dc39332822ec135f220.jpg,image/jpeg,512,512,nature,0.46803757548332214,0.5319623947143555,0.5319623947143555,upload,,,,,"{""adm"": 0.14803723990917206, ""biggan"": 0.13638225197792053, ""glide"": 0.13548973202705383, ""midjourney"": 0.13731887936592102, ""sdv5"": 0.14827769994735718, ""vqdm"": 0.1488313525915146, ""wukong"": 0.14566285908222198}",,,,,"{'adm': 0.14803723990917206, 'biggan': 0.13638225197792053, 'glide': 0.13548973202705383, 'midjourney': 0.13731887936592102, 'sdv5': 0.14827769994735718, 'vqdm': 0.1488313525915146, 'wukong': 0.14566285908222198}",2025-10-15 04:19:47.705445+00:00,2025-10-15
35,2025-10-15T04:19:53.312624+00:00,5907.jpg,90e6b6c3fca9487481bede639bef8f85.jpg,image/jpeg,512,512,nature,0.05113620683550835,0.9488638043403625,0.9488638043403625,upload,,,,,"{""adm"": 0.1596636325120926, ""biggan"": 0.13201458752155304, ""glide"": 0.12453096359968185, ""midjourney"": 0.13565529882907867, ""sdv5"": 0.14622579514980316, ""vqdm"": 0.16002094745635986, ""wukong"": 0.14188875257968903}",,,,,"{'adm': 0.1596636325120926, 'biggan': 0.13201458752155304, 'glide': 0.12453096359968185, 'midjourney': 0.13565529882907867, 'sdv5': 0.14622579514980316, 'vqdm': 0.16002094745635986, 'wukong': 0.14188875257968903}",2025-10-15 04:19:53.312624+00:00,2025-10-15
36,2025-10-15T04:19:58.997616+00:00,5923.jpg,2e4c394885fb4fe4ac680f161d684f59.jpg,image/jpeg,512,512,nature,0.026267515495419502,0.9737324714660645,0.9737324714660645,upload,,,,,"{""adm"": 0.16080902516841888, ""biggan"": 0.13079874217510223, ""glide"": 0.12373850494623184, ""midjourney"": 0.13811489939689636, ""sdv5"": 0.14702750742435455, ""vqdm"": 0.16054601967334747, ""wukong"": 0.13896527886390686}",,,,,"{'adm': 0.16080902516841888, 'biggan': 0.13079874217510223, 'glide': 0.12373850494623184, 'midjourney': 0.13811489939689636, 'sdv5': 0.14702750742435455, 'vqdm': 0.16054601967334747, 'wukong': 0.13896527886390686}",2025-10-15 04:19:58.997616+00:00,2025-10-15
42,2025-10-15T04:20:35.365119+00:00,5958.jpg,9ddef5831c1d4a3f84ecc1694af9d0f4.jpg,image/jpeg,512,512,nature,0.069765605032444,0.9302343726158142,0.9302343726158142,upload,,,,,"{""adm"": 0.15752188861370087, ""biggan"": 0.13345199823379517, ""glide"": 0.126726433634758, ""midjourney"": 0.1355431079864502, ""sdv5"": 0.1460418403148651, ""vqdm"": 0.15744273364543915, ""wukong"": 0.1432720422744751}",,,,,"{'adm': 0.15752188861370087, 'biggan': 0.13345199823379517, 'glide': 0.126726433634758, 'midjourney': 0.1355431079864502, 'sdv5': 0.1460418403148651, 'vqdm': 0.15744273364543915, 'wukong': 0.1432720422744751}",2025-10-15 04:20:35.365119+00:00,2025-10-15
43,2025-10-15T04:20:39.676365+00:00,5973.jpg,f196658d5b30468db8ed62cef23fef5b.jpg,image/jpeg,512,512,nature,0.24574485421180725,0.7542551159858704,0.7542551159858704,upload,,,,,"{""adm"": 0.14837957918643951, ""biggan"": 0.1359732300043106, ""glide"": 0.13271015882492065, ""midjourney"": 0.14087896049022675, ""sdv5"": 0.1468001902103424, ""vqdm"": 0.15093179047107697, ""wukong"": 0.14432604610919952}",,,,,"{'adm': 0.14837957918643951, 'biggan': 0.1359732300043106, 'glide': 0.13271015882492065, 'midjourney': 0.14087896049022675, 'sdv5': 0.1468001902103424, 'vqdm': 0.15093179047107697, 'wukong': 0.14432604610919952}",2025-10-15 04:20:39.676365+00:00,2025-10-15
44,2025-10-15T04:20:44.529874+00:00,5969.jpg,b19a7c58fd7d4ba9bde2bd877854398a.jpg,image/jpeg,512,512,nature,0.052372246980667114,0.9476277232170105,0.9476277232170105,upload,,,,,"{""adm"": 0.155429407954216, ""biggan"": 0.13221900165081024, ""glide"": 0.12728236615657806, ""midjourney"": 0.13271020352840424, ""sdv5"": 0.14633123576641083, ""vqdm"": 0.16005097329616547, ""wukong"": 0.14597682654857635}",,,,,"{'adm': 0.155429407954216, 'biggan': 0.13221900165081024, 'glide': 0.12728236615657806, 'midjourney': 0.13271020352840424, 'sdv5': 0.14633123576641083, 'vqdm': 0.16005097329616547, 'wukong': 0.14597682654857635}",2025-10-15 04:20:44.529874+00:00,2025-10-15
49,2025-10-15T04:21:24.508150+00:00,2518.jpg,c39ee4a7f777426d90739cb98e317fc1.jpg,image/jpeg,512,512,nature,0.19136002659797668,0.8086400032043457,0.8086400032043457,upload,,,,,"{""adm"": 0.14962263405323029, ""biggan"": 0.13427016139030457, ""glide"": 0.131257101893425, ""midjourney"": 0.14000654220581055, ""sdv5"": 0.14733417332172394, ""vqdm"": 0.15311557054519653, ""wukong"": 0.14439383149147034}",,,,,"{'adm': 0.14962263405323029, 'biggan': 0.13427016139030457, 'glide': 0.131257101893425, 'midjourney': 0.14000654220581055, 'sdv5': 0.14733417332172394, 'vqdm': 0.15311557054519653, 'wukong': 0.14439383149147034}",2025-10-15 04:21:24.508150+00:00,2025-10-15
52,2025-10-15T04:21:35.612889+00:00,2520.jpg,c5b121dc5bb54fe0801e4ea845430210.jpg,image/jpeg,512,512,nature,0.37569770216941833,0.6243022084236145,0.6243022084236145,upload,,,,,"{""adm"": 0.14684650301933289, ""biggan"": 0.13472793996334076, ""glide"": 0.13463303446769714, ""midjourney"": 0.1401738077402115, ""sdv5"": 0.1495000123977661, ""vqdm"": 0.14928416907787323, ""wukong"": 0.1448344886302948}",,,,,"{'adm': 0.14684650301933289, 'biggan': 0.13472793996334076, 'glide': 0.13463303446769714, 'midjourney': 0.1401738077402115, 'sdv5': 0.1495000123977661, 'vqdm': 0.14928416907787323, 'wukong': 0.1448344886302948}",2025-10-15 04:21:35.612889+00:00,2025-10-15
53,2025-10-15T04:21:40.438269+00:00,2528.jpg,01a39f308b304ebbb2235f8984faa61c.jpg,image/jpeg,512,512,nature,0.10762765258550644,0.8923723697662354,0.8923723697662354,upload,,,,,"{""adm"": 0.15274971723556519, ""biggan"": 0.1335931420326233, ""glide"": 0.12961982190608978, ""midjourney"": 0.1385229229927063, ""sdv5"": 0.14664754271507263, ""vqdm"": 0.1545303463935852, ""wukong"": 0.1443365216255188}",,,,,"{'adm': 0.15274971723556519, 'biggan': 0.1335931420326233, 'glide': 0.12961982190608978, 'midjourney': 0.1385229229927063, 'sdv5': 0.14664754271507263, 'vqdm': 0.1545303463935852, 'wukong': 0.1443365216255188}",2025-10-15 04:21:40.438269+00:00,2025-10-15
55,2025-10-15T04:21:50.907324+00:00,2575.jpg,bc2e28c72d7f4498881e3fa48f3e63bd.jpg,image/jpeg,512,512,nature,0.04619792848825455,0.9538020491600037,0.9538020491600037,upload,,,,,"{""adm"": 0.1644614338874817, ""biggan"": 0.13375058770179749, ""glide"": 0.1240369975566864, ""midjourney"": 0.13462834060192108, ""sdv5"": 0.14522892236709595, ""vqdm"": 0.15887154638767242, ""wukong"": 0.13902217149734497}",,,,,"{'adm': 0.1644614338874817, 'biggan': 0.13375058770179749, 'glide': 0.1240369975566864, 'midjourney': 0.13462834060192108, 'sdv5': 0.14522892236709595, 'vqdm': 0.15887154638767242, 'wukong': 0.13902217149734497}",2025-10-15 04:21:50.907324+00:00,2025-10-15
57,2025-10-15T04:22:01.994909+00:00,2617.jpg,610ddaaae9bf49af8a0b20d7afd367c5.jpg,image/jpeg,512,512,nature,0.12967272102832794,0.8703272938728333,0.8703272938728333,upload,,,,,"{""adm"": 0.15238068997859955, ""biggan"": 0.13394463062286377, ""glide"": 0.12924489378929138, ""midjourney"": 0.14046181738376617, ""sdv5"": 0.14764489233493805, ""vqdm"": 0.15443424880504608, ""wukong"": 0.14188887178897858}",,,,,"{'adm': 0.15238068997859955, 'biggan': 0.13394463062286377, 'glide': 0.12924489378929138, 'midjourney': 0.14046181738376617, 'sdv5': 0.14764489233493805, 'vqdm': 0.15443424880504608, 'wukong': 0.14188887178897858}",2025-10-15 04:22:01.994909+00:00,2025-10-15
60,2025-10-15T04:23:45.739092+00:00,2647.jpg,b33be46859cf4aab8d783a17fffca6b0.jpg,image/jpeg,512,512,nature,0.17234408855438232,0.8276559114456177,0.8276559114456177,upload,,,,,"{""adm"": 0.1511548012495041, ""biggan"": 0.13519881665706635, ""glide"": 0.13122344017028809, ""midjourney"": 0.13957954943180084, ""sdv5"": 0.14602024853229523, ""vqdm"": 0.15328845381736755, ""wukong"": 0.14353469014167786}",,,,,"{'adm': 0.1511548012495041, 'biggan': 0.13519881665706635, 'glide': 0.13122344017028809, 'midjourney': 0.13957954943180084, 'sdv5': 0.14602024853229523, 'vqdm': 0.15328845381736755, 'wukong': 0.14353469014167786}",2025-10-15 04:23:45.739092+00:00,2025-10-15
66,2025-10-15T05:15:28.557641+00:00,5957.jpg,42ee1f625ee64abd990f210573900564.jpg,image/jpeg,512,512,nature,0.36621350049972534,0.6337864995002747,0.6337864995002747,upload,167.3398750135675,"{""model_name"": ""resnet18"", ""model_path"": ""models/regularized_training/regularized_general.pth"", ""checksum"": ""5f82e7df8cb0"", ""head"": ""seq_dropout""}",,,"{""adm"": 0.14687278866767883, ""biggan"": 0.13608089089393616, ""glide"": 0.13453005254268646, ""midjourney"": 0.13971984386444092, ""sdv5"": 0.14758865535259247, ""vqdm"": 0.14934343099594116, ""wukong"": 0.1458643674850464}",34805.0,0.01919263951918658,"{'model_name': 'resnet18', 'model_path': 'models/regularized_training/regularized_general.pth', 'checksum': '5f82e7df8cb0', 'head': 'seq_dropout'}",5f82e7df8cb0,"{'adm': 0.14687278866767883, 'biggan': 0.13608089089393616, 'glide': 0.13453005254268646, 'midjourney': 0.13971984386444092, 'sdv5': 0.14758865535259247, 'vqdm': 0.14934343099594116, 'wukong': 0.1458643674850464}",2025-10-15 05:15:28.557641+00:00,2025-10-15
67,2025-10-15T05:15:40.932480+00:00,5973.jpg,c3ea342ab0be4b518b5f29315f5c720c.jpg,image/jpeg,512,512,nature,0.24574485421180725,0.7542551159858704,0.7542551159858704,upload,21.064833039417863,"{""model_name"": ""resnet18"", ""model_path"": ""models/regularized_training/regularized_general.pth"", ""checksum"": ""5f82e7df8cb0"", ""head"": ""seq_dropout""}",,,"{""adm"": 0.14837957918643951, ""biggan"": 0.1359732300043106, ""glide"": 0.13271015882492065, ""midjourney"": 0.14087896049022675, ""sdv5"": 0.1468001902103424, ""vqdm"": 0.15093179047107697, ""wukong"": 0.14432604610919952}",28581.0,0.018627735212737438,"{'model_name': 'resnet18', 'model_path': 'models/regularized_training/regularized_general.pth', 'checksum': '5f82e7df8cb0', 'head': 'seq_dropout'}",5f82e7df8cb0,"{'adm': 0.14837957918643951, 'biggan': 0.1359732300043106, 'glide': 0.13271015882492065, 'midjourney': 0.14087896049022675, 'sdv5': 0.1468001902103424, 'vqdm': 0.15093179047107697, 'wukong': 0.14432604610919952}",2025-10-15 05:15:40.932480+00:00,2025-10-15
68,2025-10-15T05:20:53.922195+00:00,5974.jpg,23fa7e45a2e042b68ccbc4f470c3b821.jpg,image/jpeg,512,512,nature,0.0315786749124527,0.9684213399887085,0.9684213399887085,upload,173.32587501732633,"{""model_name"": ""resnet18"", ""model_path"": ""models/regularized_training/regularized_general.pth"", ""checksum"": ""5f82e7df8cb0"", ""head"": ""seq_dropout""}",,,"{""adm"": 0.16403518617153168, ""midjourney"": 0.13150855898857117, ""stable-diffusion"": 0.1235286071896553, ""sdxl"": 0.13111092150211334, ""wukong"": 0.14616461098194122, ""vqdm"": 0.16177263855934143, ""dalle"": 0.14187948405742645}",57709.0,0.02004719154507506,"{'model_name': 'resnet18', 'model_path': 'models/regularized_training/regularized_general.pth', 'checksum': '5f82e7df8cb0', 'head': 'seq_dropout'}",5f82e7df8cb0,"{'adm': 0.16403518617153168, 'midjourney': 0.13150855898857117, 'stable-diffusion': 0.1235286071896553, 'sdxl': 0.13111092150211334, 'wukong': 0.14616461098194122, 'vqdm': 0.16177263855934143, 'dalle': 0.14187948405742645}",2025-10-15 05:20:53.922195+00:00,2025-10-15
69,2025-10-15T05:26:25.488052+00:00,5985.jpg,e2bd6eb9ce7b443781b0467ac8dcf5bd.jpg,image/jpeg,512,512,nature,0.036916911602020264,0.9630830883979797,0.9630830883979797,upload,28.10754196252674,"{""model_name"": ""resnet18"", ""model_path"": ""models/regularized_training/regularized_general.pth"", ""checksum"": ""5f82e7df8cb0"", ""head"": ""seq_dropout""}",,,"{""adm"": 0.1592029482126236, ""midjourney"": 0.1312088668346405, ""stable-diffusion"": 0.12461599707603455, ""sdxl"": 0.13430723547935486, ""wukong"": 0.1455572247505188, ""vqdm"": 0.16300764679908752, ""dalle"": 0.14210014045238495}",44346.0,0.012267512901156557,"{'model_name': 'resnet18', 'model_path': 'models/regularized_training/regularized_general.pth', 'checksum': '5f82e7df8cb0', 'head': 'seq_dropout'}",5f82e7df8cb0,"{'adm': 0.1592029482126236, 'midjourney': 0.1312088668346405, 'stable-diffusion': 0.12461599707603455, 'sdxl': 0.13430723547935486, 'wukong': 0.1455572247505188, 'vqdm': 0.16300764679908752, 'dalle': 0.14210014045238495}",2025-10-15 05:26:25.488052+00:00,2025-10-15
70,2025-10-15T05:26:39.389446+00:00,5980.jpg,7e0f58f7652d46df8455366229f66d23.jpg,image/jpeg,512,512,nature,0.022493261843919754,0.9775067567825317,0.9775067567825317,upload,17.25650002481416,"{""model_name"": ""resnet18"", ""model_path"": ""models/regularized_training/regularized_general.pth"", ""checksum"": ""5f82e7df8cb0"", ""head"": ""seq_dropout""}",,,"{""adm"": 0.16383343935012817, ""midjourney"": 0.13121135532855988, ""stable-diffusion"": 0.1236819177865982, ""sdxl"": 0.13129013776779175, ""wukong"": 0.1444789469242096, ""vqdm"": 0.16410772502422333, ""dalle"": 0.14139655232429504}",53602.0,0.024062751321231618,"{'model_name': 'resnet18', 'model_path': 'models/regularized_training/regularized_general.pth', 'checksum': '5f82e7df8cb0', 'head': 'seq_dropout'}",5f82e7df8cb0,"{'adm': 0.16383343935012817, 'midjourney': 0.13121135532855988, 'stable-diffusion': 0.1236819177865982, 'sdxl': 0.13129013776779175, 'wukong': 0.1444789469242096, 'vqdm': 0.16410772502422333, 'dalle': 0.14139655232429504}",2025-10-15 05:26:39.389446+00:00,2025-10-15
71,2025-10-15T05:26:52.170749+00:00,5986.jpg,d73a014ac2dc4f188f6e8dbd3cf3002e.jpg,image/jpeg,512,512,nature,0.10700803995132446,0.8929920196533203,0.8929920196533203,upload,19.5131249492988,"{""model_name"": ""resnet18"", ""model_path"": ""models/regularized_training/regularized_general.pth"", ""checksum"": ""5f82e7df8cb0"", ""head"": ""seq_dropout""}",,,"{""adm"": 0.15187913179397583, ""midjourney"": 0.1332123875617981, ""stable-diffusion"": 0.12810395658016205, ""sdxl"": 0.1407773494720459, ""wukong"": 0.14709632098674774, ""vqdm"": 0.15534664690494537, ""dalle"": 0.1435842514038086}",62730.0,0.031179899327895222,"{'model_name': 'resnet18', 'model_path': 'models/regularized_training/regularized_general.pth', 'checksum': '5f82e7df8cb0', 'head': 'seq_dropout'}",5f82e7df8cb0,"{'adm': 0.15187913179397583, 'midjourney': 0.1332123875617981, 'stable-diffusion': 0.12810395658016205, 'sdxl': 0.1407773494720459, 'wukong': 0.14709632098674774, 'vqdm': 0.15534664690494537, 'dalle': 0.1435842514038086}",2025-10-15 05:26:52.170749+00:00,2025-10-15
72,2025-10-15T05:27:00.553328+00:00,5981.jpg,f2847235fd8e46a69e16bbdffce4d513.jpg,image/jpeg,512,512,nature,0.021709363907575607,0.9782906174659729,0.9782906174659729,upload,17.654291994404048,"{""model_name"": ""resnet18"", ""model_path"": ""models/regularized_training/regularized_general.pth"", ""checksum"": ""5f82e7df8cb0"", ""head"": ""seq_dropout""}",,,"{""adm"": 0.1621645838022232, ""midjourney"": 0.13104389607906342, ""stable-diffusion"": 0.12175086885690689, ""sdxl"": 0.13248024880886078, ""wukong"": 0.14565986394882202, ""vqdm"": 0.16424410045146942, ""dalle"": 0.14265641570091248}",68074.0,0.022105751785577513,"{'model_name': 'resnet18', 'model_path': 'models/regularized_training/regularized_general.pth', 'checksum': '5f82e7df8cb0', 'head': 'seq_dropout'}",5f82e7df8cb0,"{'adm': 0.1621645838022232, 'midjourney': 0.13104389607906342, 'stable-diffusion': 0.12175086885690689, 'sdxl': 0.13248024880886078, 'wukong': 0.14565986394882202, 'vqdm': 0.16424410045146942, 'dalle': 0.14265641570091248}",2025-10-15 05:27:00.553328+00:00,2025-10-15
73,2025-10-15T05:27:10.550066+00:00,6000.jpg,76c583aff3c64ce89797239c0d16d9fd.jpg,image/jpeg,512,512,nature,0.02642855979502201,0.9735714197158813,0.9735714197158813,upload,16.6949579725042,"{""model_name"": ""resnet18"", ""model_path"": ""models/regularized_training/regularized_general.pth"", ""checksum"": ""5f82e7df8cb0"", ""head"": ""seq_dropout""}",,,"{""adm"": 0.16163161396980286, ""midjourney"": 0.13069963455200195, ""stable-diffusion"": 0.12306875735521317, ""sdxl"": 0.13397006690502167, ""wukong"": 0.14541937410831451, ""vqdm"": 0.16282804310321808, ""dalle"": 0.14238247275352478}",35310.0,0.00911419438380821,"{'model_name': 'resnet18', 'model_path': 'models/regularized_training/regularized_general.pth', 'checksum': '5f82e7df8cb0', 'head': 'seq_dropout'}",5f82e7df8cb0,"{'adm': 0.16163161396980286, 'midjourney': 0.13069963455200195, 'stable-diffusion': 0.12306875735521317, 'sdxl': 0.13397006690502167, 'wukong': 0.14541937410831451, 'vqdm': 0.16282804310321808, 'dalle': 0.14238247275352478}",2025-10-15 05:27:10.550066+00:00,2025-10-15
76,2025-10-15T06:14:56.464096+00:00,2643.jpg,3f438c0b4915473986e2107b10477d14.jpg,image/jpeg,512,512,nature,0.2035624384880066,0.7964376211166382,0.7964376211166382,upload,184.3152089859359,"{""model_name"": ""resnet18"", ""model_path"": ""models/regularized_training/regularized_general.pth"", ""checksum"": ""5f82e7df8cb0"", ""head"": ""seq_dropout""}",,,"{""adm"": 0.1500200480222702, ""biggan"": 0.13590294122695923, ""glide"": 0.13093653321266174, ""midjourney"": 0.1389482319355011, ""sdv5"": 0.14738762378692627, ""vqdm"": 0.15290974080562592, ""wukong"": 0.14389494061470032}",63421.0,0.029303277707567403,"{'model_name': 'resnet18', 'model_path': 'models/regularized_training/regularized_general.pth', 'checksum': '5f82e7df8cb0', 'head': 'seq_dropout'}",5f82e7df8cb0,"{'adm': 0.1500200480222702, 'biggan': 0.13590294122695923, 'glide': 0.13093653321266174, 'midjourney': 0.1389482319355011, 'sdv5': 0.14738762378692627, 'vqdm': 0.15290974080562592, 'wukong': 0.14389494061470032}",2025-10-15 06:14:56.464096+00:00,2025-10-15
77,2025-10-15T06:15:02.708488+00:00,2669.jpg,00d149a2fd6c49a799f191115c5f2f9c.jpg,image/jpeg,512,512,nature,0.44399574398994446,0.5560042262077332,0.5560042262077332,upload,16.903833020478487,"{""model_name"": ""resnet18"", ""model_path"": ""models/regularized_training/regularized_general.pth"", ""checksum"": ""5f82e7df8cb0"", ""head"": ""seq_dropout""}",,,"{""adm"": 0.1470363736152649, ""biggan"": 0.13580359518527985, ""glide"": 0.13340221345424652, ""midjourney"": 0.1399378776550293, ""sdv5"": 0.14924930036067963, ""vqdm"": 0.14933986961841583, ""wukong"": 0.14523084461688995}",49675.0,0.011778094721775429,"{'model_name': 'resnet18', 'model_path': 'models/regularized_training/regularized_general.pth', 'checksum': '5f82e7df8cb0', 'head': 'seq_dropout'}",5f82e7df8cb0,"{'adm': 0.1470363736152649, 'biggan': 0.13580359518527985, 'glide': 0.13340221345424652, 'midjourney': 0.1399378776550293, 'sdv5': 0.14924930036067963, 'vqdm': 0.14933986961841583, 'wukong': 0.14523084461688995}",2025-10-15 06:15:02.708488+00:00,2025-10-15
84,2025-10-15T06:33:07.858309+00:00,2783.jpg,0ae676c7361840a396d65d3d9c5401a0.jpg,image/jpeg,512,512,nature,0.26744064688682556,0.732559323310852,0.732559323310852,upload,24.303749960381538,"{""model_name"": ""resnet18"", ""model_path"": ""models/regularized_training/regularized_general.pth"", ""checksum"": ""5f82e7df8cb0"", ""head"": ""seq_dropout""}",,,"{""adm"": 0.14840641617774963, ""biggan"": 0.13691474497318268, ""glide"": 0.13316582143306732, ""midjourney"": 0.1389569342136383, ""sdv5"": 0.1465788632631302, ""vqdm"": 0.1517411172389984, ""wukong"": 0.14423614740371704}",60842.0,0.03836943682502298,"{'model_name': 'resnet18', 'model_path': 'models/regularized_training/regularized_general.pth', 'checksum': '5f82e7df8cb0', 'head': 'seq_dropout'}",5f82e7df8cb0,"{'adm': 0.14840641617774963, 'biggan': 0.13691474497318268, 'glide': 0.13316582143306732, 'midjourney': 0.1389569342136383, 'sdv5': 0.1465788632631302, 'vqdm': 0.1517411172389984, 'wukong': 0.14423614740371704}",2025-10-15 06:33:07.858309+00:00,2025-10-15
85,2025-10-15T06:33:13.461251+00:00,2800.jpg,947e43a9fc384ef394f93ef79c321032.jpg,image/jpeg,512,512,nature,0.12037383019924164,0.8796262145042419,0.8796262145042419,upload,21.985958970617503,"{""model_name"": ""resnet18"", ""model_path"": ""models/regularized_training/regularized_general.pth"", ""checksum"": ""5f82e7df8cb0"", ""head"": ""seq_dropout""}",,,"{""adm"": 0.1540021300315857, ""biggan"": 0.13473010063171387, ""glide"": 0.12937119603157043, ""midjourney"": 0.13727812469005585, ""sdv5"": 0.14593541622161865, ""vqdm"": 0.15496617555618286, ""wukong"": 0.14371682703495026}",67527.0,0.026827449424594058,"{'model_name': 'resnet18', 'model_path': 'models/regularized_training/regularized_general.pth', 'checksum': '5f82e7df8cb0', 'head': 'seq_dropout'}",5f82e7df8cb0,"{'adm': 0.1540021300315857, 'biggan': 0.13473010063171387, 'glide': 0.12937119603157043, 'midjourney': 0.13727812469005585, 'sdv5': 0.14593541622161865, 'vqdm': 0.15496617555618286, 'wukong': 0.14371682703495026}",2025-10-15 06:33:13.461251+00:00,2025-10-15
91,2025-10-17T10:26:01.808880+00:00,image-7.jpg,aa15db9a32264332ae5d82333ccf9f1e.jpg,image/jpeg,178,218,nature,0.09521421790122986,0.9047857522964478,0.9047857522964478,upload,27.599416000157362,"{""model_name"": ""swin_tiny_patch4_window7_224"", ""model_path"": ""models/regularized_training/model_swin_t_regularized.pth"", ""checksum"": ""3a9a2f9b6ec5"", ""head"": ""linear""}",,,"{""adm"": 0.13212232291698456, ""biggan"": 0.18505063652992249, ""glide"": 0.13930946588516235, ""midjourney"": 0.12661238014698029, ""sdv5"": 0.12390445917844772, ""vqdm"": 0.1550319641828537, ""wukong"": 0.13796880841255188}",8167.0,0.07681722725168823,"{'model_name': 'swin_tiny_patch4_window7_224', 'model_path': 'models/regularized_training/model_swin_t_regularized.pth', 'checksum': '3a9a2f9b6ec5', 'head': 'linear'}",3a9a2f9b6ec5,"{'adm': 0.13212232291698456, 'biggan': 0.18505063652992249, 'glide': 0.13930946588516235, 'midjourney': 0.12661238014698029, 'sdv5': 0.12390445917844772, 'vqdm': 0.1550319641828537, 'wukong': 0.13796880841255188}",2025-10-17 10:26:01.808880+00:00,2025-10-17
94,2025-10-17T10:26:25.493540+00:00,image-11.jpg,7d7d7dc80b0a42f080df5f9f3176cfd3.jpg,image/jpeg,178,218,nature,0.041975561529397964,0.9580245018005371,0.9580245018005371,upload,24.41395899950294,"{""model_name"": ""swin_tiny_patch4_window7_224"", ""model_path"": ""models/regularized_training/model_swin_t_regularized.pth"", ""checksum"": ""3a9a2f9b6ec5"", ""head"": ""linear""}",,,"{""adm"": 0.14864808320999146, ""biggan"": 0.16219229996204376, ""glide"": 0.11721736937761307, ""midjourney"": 0.1216650903224945, ""sdv5"": 0.16447308659553528, ""vqdm"": 0.1423536241054535, ""wukong"": 0.14345049858093262}",4880.0,0.028402873364581374,"{'model_name': 'swin_tiny_patch4_window7_224', 'model_path': 'models/regularized_training/model_swin_t_regularized.pth', 'checksum': '3a9a2f9b6ec5', 'head': 'linear'}",3a9a2f9b6ec5,"{'adm': 0.14864808320999146, 'biggan': 0.16219229996204376, 'glide': 0.11721736937761307, 'midjourney': 0.1216650903224945, 'sdv5': 0.16447308659553528, 'vqdm': 0.1423536241054535, 'wukong': 0.14345049858093262}",2025-10-17 10:26:25.493540+00:00,2025-10-17
95,2025-10-17T10:26:30.847925+00:00,image-12.jpg,a9842c969c3c428f9c7896457bcac825.jpg,image/jpeg,178,218,nature,0.05531676486134529,0.9446832537651062,0.9446832537651062,upload,26.85958300207858,"{""model_name"": ""swin_tiny_patch4_window7_224"", ""model_path"": ""models/regularized_training/model_swin_t_regularized.pth"", ""checksum"": ""3a9a2f9b6ec5"", ""head"": ""linear""}",,,"{""adm"": 0.13374672830104828, ""biggan"": 0.18055382370948792, ""glide"": 0.13409094512462616, ""midjourney"": 0.14982201159000397, ""sdv5"": 0.15533676743507385, ""vqdm"": 0.12835174798965454, ""wukong"": 0.11809798330068588}",6788.0,0.04886771325373774,"{'model_name': 'swin_tiny_patch4_window7_224', 'model_path': 'models/regularized_training/model_swin_t_regularized.pth', 'checksum': '3a9a2f9b6ec5', 'head': 'linear'}",3a9a2f9b6ec5,"{'adm': 0.13374672830104828, 'biggan': 0.18055382370948792, 'glide': 0.13409094512462616, 'midjourney': 0.14982201159000397, 'sdv5': 0.15533676743507385, 'vqdm': 0.12835174798965454, 'wukong': 0.11809798330068588}",2025-10-17 10:26:30.847925+00:00,2025-10-17
96,2025-10-17T10:26:35.489249+00:00,image-14.jpg,d2f8d309f24541bf9387f33a3e3a2fe9.jpg,image/jpeg,178,218,nature,0.3163820803165436,0.6836179494857788,0.6836179494857788,upload,29.467374999512685,"{""model_name"": ""swin_tiny_patch4_window7_224"", ""model_path"": ""models/regularized_training/model_swin_t_regularized.pth"", ""checksum"": ""3a9a2f9b6ec5"", ""head"": ""linear""}",,,"{""adm"": 0.14537368714809418, ""biggan"": 0.14676600694656372, ""glide"": 0.13883377611637115, ""midjourney"": 0.1681511551141739, ""sdv5"": 0.1352890133857727, ""vqdm"": 0.14403371512889862, ""wukong"": 0.12155256420373917}",8101.0,0.09571956398269028,"{'model_name': 'swin_tiny_patch4_window7_224', 'model_path': 'models/regularized_training/model_swin_t_regularized.pth', 'checksum': '3a9a2f9b6ec5', 'head': 'linear'}",3a9a2f9b6ec5,"{'adm': 0.14537368714809418, 'biggan': 0.14676600694656372, 'glide': 0.13883377611637115, 'midjourney': 0.1681511551141739, 'sdv5': 0.1352890133857727, 'vqdm': 0.14403371512889862, 'wukong': 0.12155256420373917}",2025-10-17 10:26:35.489249+00:00,2025-10-17
97,2025-10-17T10:26:42.632561+00:00,image.jpg,568ed50246fc42dd97e99511b896f659.jpg,image/jpeg,178,218,nature,0.09908609092235565,0.9009139537811279,0.9009139537811279,upload,30.593749997933628,"{""model_name"": ""swin_tiny_patch4_window7_224"", ""model_path"": ""models/regularized_training/model_swin_t_regularized.pth"", ""checksum"": ""3a9a2f9b6ec5"", ""head"": ""linear""}",,,"{""adm"": 0.14008888602256775, ""biggan"": 0.16508294641971588, ""glide"": 0.17674024403095245, ""midjourney"": 0.14193034172058105, ""sdv5"": 0.10697523504495621, ""vqdm"": 0.13175749778747559, ""wukong"": 0.13742482662200928}",6902.0,0.0737050556744706,"{'model_name': 'swin_tiny_patch4_window7_224', 'model_path': 'models/regularized_training/model_swin_t_regularized.pth', 'checksum': '3a9a2f9b6ec5', 'head': 'linear'}",3a9a2f9b6ec5,"{'adm': 0.14008888602256775, 'biggan': 0.16508294641971588, 'glide': 0.17674024403095245, 'midjourney': 0.14193034172058105, 'sdv5': 0.10697523504495621, 'vqdm': 0.13175749778747559, 'wukong': 0.13742482662200928}",2025-10-17 10:26:42.632561+00:00,2025-10-17
98,2025-10-17T10:26:47.692460+00:00,image-13.jpg,8ae0bb21b70b487dbc035f22e4d32dab.jpg,image/jpeg,178,218,nature,0.07898449897766113,0.9210155010223389,0.9210155010223389,upload,32.912541002588114,"{""model_name"": ""swin_tiny_patch4_window7_224"", ""model_path"": ""models/regularized_training/model_swin_t_regularized.pth"", ""checksum"": ""3a9a2f9b6ec5"", ""head"": ""linear""}",,,"{""adm"": 0.1370629519224167, ""biggan"": 0.15986448526382446, ""glide"": 0.13752450048923492, ""midjourney"": 0.1440269947052002, ""sdv5"": 0.14520779252052307, ""vqdm"": 0.13963928818702698, ""wukong"": 0.13667403161525726}",7052.0,0.07032830656229093,"{'model_name': 'swin_tiny_patch4_window7_224', 'model_path': 'models/regularized_training/model_swin_t_regularized.pth', 'checksum': '3a9a2f9b6ec5', 'head': 'linear'}",3a9a2f9b6ec5,"{'adm': 0.1370629519224167, 'biggan': 0.15986448526382446, 'glide': 0.13752450048923492, 'midjourney': 0.1440269947052002, 'sdv5': 0.14520779252052307, 'vqdm': 0.13963928818702698, 'wukong': 0.13667403161525726}",2025-10-17 10:26:47.692460+00:00,2025-10-17
99,2025-10-17T10:26:59.508162+00:00,image-10.jpg,e87069c616d74e20ac463ffd2953832a.jpg,image/jpeg,178,218,nature,0.1897350549697876,0.8102649450302124,0.8102649450302124,upload,29.50129199962248,"{""model_name"": ""swin_tiny_patch4_window7_224"", ""model_path"": ""models/regularized_training/model_swin_t_regularized.pth"", ""checksum"": ""3a9a2f9b6ec5"", ""head"": ""linear""}",,,"{""adm"": 0.13827921450138092, ""biggan"": 0.16023239493370056, ""glide"": 0.13502080738544464, ""midjourney"": 0.14714719355106354, ""sdv5"": 0.12854692339897156, ""vqdm"": 0.11727692186832428, ""wukong"": 0.17349648475646973}",7373.0,0.06718611988656921,"{'model_name': 'swin_tiny_patch4_window7_224', 'model_path': 'models/regularized_training/model_swin_t_regularized.pth', 'checksum': '3a9a2f9b6ec5', 'head': 'linear'}",3a9a2f9b6ec5,"{'adm': 0.13827921450138092, 'biggan': 0.16023239493370056, 'glide': 0.13502080738544464, 'midjourney': 0.14714719355106354, 'sdv5': 0.12854692339897156, 'vqdm': 0.11727692186832428, 'wukong': 0.17349648475646973}",2025-10-17 10:26:59.508162+00:00,2025-10-17
102,2025-10-17T10:46:33.827267+00:00,image-9.jpg,aa0f86d4ca154760804e51d86784aa60.jpg,image/jpeg,178,218,nature,0.10913950949907303,0.8908604979515076,0.8908604979515076,upload,243.1655000000319,"{""model_name"": ""swin_tiny_patch4_window7_224"", ""model_path"": ""models/regularized_training/model_swin_t_regularized.pth"", ""checksum"": ""3a9a2f9b6ec5"", ""head"": ""linear""}",,,"{""adm"": 0.18995827436447144, ""biggan"": 0.13006150722503662, ""glide"": 0.12766000628471375, ""midjourney"": 0.12119034677743912, ""sdv5"": 0.1228187084197998, ""vqdm"": 0.1505579799413681, ""wukong"": 0.15775319933891296}",7156.0,0.07414962273951947,"{'model_name': 'swin_tiny_patch4_window7_224', 'model_path': 'models/regularized_training/model_swin_t_regularized.pth', 'checksum': '3a9a2f9b6ec5', 'head': 'linear'}",3a9a2f9b6ec5,"{'adm': 0.18995827436447144, 'biggan': 0.13006150722503662, 'glide': 0.12766000628471375, 'midjourney': 0.12119034677743912, 'sdv5': 0.1228187084197998, 'vqdm': 0.1505579799413681, 'wukong': 0.15775319933891296}",2025-10-17 10:46:33.827267+00:00,2025-10-17
103,2025-10-17T10:48:01.441819+00:00,image-11.jpg,aa00c67af135478c8f6c5e60f7be59e8.jpg,image/jpeg,178,218,nature,0.041975561529397964,0.9580245018005371,0.9580245018005371,upload,199.87570800003596,"{""model_name"": ""swin_tiny_patch4_window7_224"", ""model_path"": ""models/regularized_training/model_swin_t_regularized.pth"", ""checksum"": ""3a9a2f9b6ec5"", ""head"": ""linear""}",,,"{""adm"": 0.14864808320999146, ""biggan"": 0.16219229996204376, ""glide"": 0.11721736937761307, ""midjourney"": 0.1216650903224945, ""sdv5"": 0.16447308659553528, ""vqdm"": 0.1423536241054535, ""wukong"": 0.14345049858093262}",4880.0,0.028402873364581374,"{'model_name': 'swin_tiny_patch4_window7_224', 'model_path': 'models/regularized_training/model_swin_t_regularized.pth', 'checksum': '3a9a2f9b6ec5', 'head': 'linear'}",3a9a2f9b6ec5,"{'adm': 0.14864808320999146, 'biggan': 0.16219229996204376, 'glide': 0.11721736937761307, 'midjourney': 0.1216650903224945, 'sdv5': 0.16447308659553528, 'vqdm': 0.1423536241054535, 'wukong': 0.14345049858093262}",2025-10-17 10:48:01.441819+00:00,2025-10-17
104,2025-10-17T10:58:48.313288+00:00,image-6.jpg,38ac3417f366439e837ae734a9a070d4.jpg,image/jpeg,178,218,nature,0.18457424640655518,0.8154256939888,0.8154256939888,upload,623.0199999990873,"{""model_name"": ""swin_tiny_patch4_window7_224"", ""model_path"": ""models/regularized_training/model_swin_t_regularized.pth"", ""checksum"": ""3a9a2f9b6ec5"", ""head"": ""linear""}",,,"{""adm"": 0.1546991914510727, ""biggan"": 0.1273871660232544, ""glide"": 0.14052438735961914, ""midjourney"": 0.13758064806461334, ""sdv5"": 0.14173181354999542, ""vqdm"": 0.13812975585460663, ""wukong"": 0.15994708240032196}",6031.0,0.07047130778917071,"{'model_name': 'swin_tiny_patch4_window7_224', 'model_path': 'models/regularized_training/model_swin_t_regularized.pth', 'checksum': '3a9a2f9b6ec5', 'head': 'linear'}",3a9a2f9b6ec5,"{'adm': 0.1546991914510727, 'biggan': 0.1273871660232544, 'glide': 0.14052438735961914, 'midjourney': 0.13758064806461334, 'sdv5': 0.14173181354999542, 'vqdm': 0.13812975585460663, 'wukong': 0.15994708240032196}",2025-10-17 10:58:48.313288+00:00,2025-10-17
113,2025-10-17T11:25:34.318529+00:00,1979.jpg,af729c8d0af24d0b8f49671573a6dc22.jpg,image/jpeg,512,512,nature,0.36167076230049133,0.6383291482925415,0.6383291482925415,upload,27.265250000027663,"{""model_name"": ""swin_tiny_patch4_window7_224"", ""model_path"": ""models/regularized_training/model_swin_t_regularized.pth"", ""checksum"": ""3a9a2f9b6ec5"", ""head"": ""linear""}",,,"{""adm"": 0.09821821004152298, ""biggan"": 0.1446496993303299, ""glide"": 0.14094245433807373, ""midjourney"": 0.13800443708896637, ""sdv5"": 0.1580299288034439, ""vqdm"": 0.1498188078403473, ""wukong"": 0.17033644020557404}",66419.0,0.022340138753255207,"{'model_name': 'swin_tiny_patch4_window7_224', 'model_path': 'models/regularized_training/model_swin_t_regularized.pth', 'checksum': '3a9a2f9b6ec5', 'head': 'linear'}",3a9a2f9b6ec5,"{'adm': 0.09821821004152298, 'biggan': 0.1446496993303299, 'glide': 0.14094245433807373, 'midjourney': 0.13800443708896637, 'sdv5': 0.1580299288034439, 'vqdm': 0.1498188078403473, 'wukong': 0.17033644020557404}",2025-10-17 11:25:34.318529+00:00,2025-10-17
114,2025-10-17T11:25:41.980064+00:00,1981.jpg,52cf12f90ebd4d2ab21f3a97b834084c.jpg,image/jpeg,512,512,nature,0.42732593417167664,0.572674036026001,0.572674036026001,upload,30.749583999977403,"{""model_name"": ""swin_tiny_patch4_window7_224"", ""model_path"": ""models/regularized_training/model_swin_t_regularized.pth"", ""checksum"": ""3a9a2f9b6ec5"", ""head"": ""linear""}",,,"{""adm"": 0.1462734043598175, ""biggan"": 0.12957066297531128, ""glide"": 0.13479289412498474, ""midjourney"": 0.13698843121528625, ""sdv5"": 0.17210617661476135, ""vqdm"": 0.14412803947925568, ""wukong"": 0.13614043593406677}",50199.0,0.016819568708831188,"{'model_name': 'swin_tiny_patch4_window7_224', 'model_path': 'models/regularized_training/model_swin_t_regularized.pth', 'checksum': '3a9a2f9b6ec5', 'head': 'linear'}",3a9a2f9b6ec5,"{'adm': 0.1462734043598175, 'biggan': 0.12957066297531128, 'glide': 0.13479289412498474, 'midjourney': 0.13698843121528625, 'sdv5': 0.17210617661476135, 'vqdm': 0.14412803947925568, 'wukong': 0.13614043593406677}",2025-10-17 11:25:41.980064+00:00,2025-10-17
115,2025-10-17T11:25:51.148828+00:00,5993.jpg,36320b740ea94dca905f917d73cd12f1.jpg,image/jpeg,512,512,nature,0.06957269459962845,0.9304273128509521,0.9304273128509521,upload,25.215375000016138,"{""model_name"": ""swin_tiny_patch4_window7_224"", ""model_path"": ""models/regularized_training/model_swin_t_regularized.pth"", ""checksum"": ""3a9a2f9b6ec5"", ""head"": ""linear""}",,,"{""adm"": 0.09898053109645844, ""biggan"": 0.15065443515777588, ""glide"": 0.19779165089130402, ""midjourney"": 0.1562843918800354, ""sdv5"": 0.15661323070526123, ""vqdm"": 0.10688178241252899, ""wukong"": 0.13279397785663605}",58411.0,0.024658861347273284,"{'model_name': 'swin_tiny_patch4_window7_224', 'model_path': 'models/regularized_training/model_swin_t_regularized.pth', 'checksum': '3a9a2f9b6ec5', 'head': 'linear'}",3a9a2f9b6ec5,"{'adm': 0.09898053109645844, 'biggan': 0.15065443515777588, 'glide': 0.19779165089130402, 'midjourney': 0.1562843918800354, 'sdv5': 0.15661323070526123, 'vqdm': 0.10688178241252899, 'wukong': 0.13279397785663605}",2025-10-17 11:25:51.148828+00:00,2025-10-17
116,2025-10-17T11:25:56.610727+00:00,5992.jpg,acc51cb5bfb4481da3814ca94dc216e5.jpg,image/jpeg,512,512,nature,0.12250456213951111,0.8774954080581665,0.8774954080581665,upload,26.11137499997085,"{""model_name"": ""swin_tiny_patch4_window7_224"", ""model_path"": ""models/regularized_training/model_swin_t_regularized.pth"", ""checksum"": ""3a9a2f9b6ec5"", ""head"": ""linear""}",,,"{""adm"": 0.13873791694641113, ""biggan"": 0.15711550414562225, ""glide"": 0.12549184262752533, ""midjourney"": 0.13975460827350616, ""sdv5"": 0.12244786322116852, ""vqdm"": 0.1544283628463745, ""wukong"": 0.16202396154403687}",50666.0,0.015217171463311887,"{'model_name': 'swin_tiny_patch4_window7_224', 'model_path': 'models/regularized_training/model_swin_t_regularized.pth', 'checksum': '3a9a2f9b6ec5', 'head': 'linear'}",3a9a2f9b6ec5,"{'adm': 0.13873791694641113, 'biggan': 0.15711550414562225, 'glide': 0.12549184262752533, 'midjourney': 0.13975460827350616, 'sdv5': 0.12244786322116852, 'vqdm': 0.1544283628463745, 'wukong': 0.16202396154403687}",2025-10-17 11:25:56.610727+00:00,2025-10-17
120,2025-10-17T11:26:30.728945+00:00,2037.jpg,f48b2059838e48f983c1afbdbe17317f.jpg,image/jpeg,512,512,nature,0.48605817556381226,0.5139418244361877,0.5139418244361877,upload,32.71008300004041,"{""model_name"": ""swin_tiny_patch4_window7_224"", ""model_path"": ""models/regularized_training/model_swin_t_regularized.pth"", ""checksum"": ""3a9a2f9b6ec5"", ""head"": ""linear""}",,,"{""adm"": 0.15544918179512024, ""biggan"": 0.10689447820186615, ""glide"": 0.11286851018667221, ""midjourney"": 0.2176593691110611, ""sdv5"": 0.151607483625412, ""vqdm"": 0.1417635679244995, ""wukong"": 0.11375733464956284}",40618.0,0.00879971373314951,"{'model_name': 'swin_tiny_patch4_window7_224', 'model_path': 'models/regularized_training/model_swin_t_regularized.pth', 'checksum': '3a9a2f9b6ec5', 'head': 'linear'}",3a9a2f9b6ec5,"{'adm': 0.15544918179512024, 'biggan': 0.10689447820186615, 'glide': 0.11286851018667221, 'midjourney': 0.2176593691110611, 'sdv5': 0.151607483625412, 'vqdm': 0.1417635679244995, 'wukong': 0.11375733464956284}",2025-10-17 11:26:30.728945+00:00,2025-10-17
121,2025-10-17T11:26:39.840819+00:00,2047.jpg,e929f9b94a024f4fb60553db19400669.jpg,image/jpeg,512,512,nature,0.4170737564563751,0.582926332950592,0.582926332950592,upload,30.973249999988184,"{""model_name"": ""swin_tiny_patch4_window7_224"", ""model_path"": ""models/regularized_training/model_swin_t_regularized.pth"", ""checksum"": ""3a9a2f9b6ec5"", ""head"": ""linear""}",,,"{""adm"": 0.14385995268821716, ""biggan"": 0.12813855707645416, ""glide"": 0.12237904220819473, ""midjourney"": 0.13890938460826874, ""sdv5"": 0.13080497086048126, ""vqdm"": 0.17064909636974335, ""wukong"": 0.16525901854038239}",72319.0,0.03264009064319087,"{'model_name': 'swin_tiny_patch4_window7_224', 'model_path': 'models/regularized_training/model_swin_t_regularized.pth', 'checksum': '3a9a2f9b6ec5', 'head': 'linear'}",3a9a2f9b6ec5,"{'adm': 0.14385995268821716, 'biggan': 0.12813855707645416, 'glide': 0.12237904220819473, 'midjourney': 0.13890938460826874, 'sdv5': 0.13080497086048126, 'vqdm': 0.17064909636974335, 'wukong': 0.16525901854038239}",2025-10-17 11:26:39.840819+00:00,2025-10-17
124,2025-10-17T11:27:01.465665+00:00,5998.jpg,c204f8c96194461c96b1b279ca8f7806.jpg,image/jpeg,512,512,nature,0.11983101069927216,0.8801689743995667,0.8801689743995667,upload,31.822916000010082,"{""model_name"": ""swin_tiny_patch4_window7_224"", ""model_path"": ""models/regularized_training/model_swin_t_regularized.pth"", ""checksum"": ""3a9a2f9b6ec5"", ""head"": ""linear""}",,,"{""adm"": 0.12113973498344421, ""biggan"": 0.1443626433610916, ""glide"": 0.18207384645938873, ""midjourney"": 0.12862178683280945, ""sdv5"": 0.14082452654838562, ""vqdm"": 0.14500142633914948, ""wukong"": 0.1379760503768921}",74004.0,0.031272170122931986,"{'model_name': 'swin_tiny_patch4_window7_224', 'model_path': 'models/regularized_training/model_swin_t_regularized.pth', 'checksum': '3a9a2f9b6ec5', 'head': 'linear'}",3a9a2f9b6ec5,"{'adm': 0.12113973498344421, 'biggan': 0.1443626433610916, 'glide': 0.18207384645938873, 'midjourney': 0.12862178683280945, 'sdv5': 0.14082452654838562, 'vqdm': 0.14500142633914948, 'wukong': 0.1379760503768921}",2025-10-17 11:27:01.465665+00:00,2025-10-17
125,2025-10-17T11:27:07.519693+00:00,5997.jpg,88dad5b3997d4ddd957c09b8c0bb785d.jpg,image/jpeg,512,512,nature,0.12370828539133072,0.8762916922569275,0.8762916922569275,upload,40.443583999945076,"{""model_name"": ""swin_tiny_patch4_window7_224"", ""model_path"": ""models/regularized_training/model_swin_t_regularized.pth"", ""checksum"": ""3a9a2f9b6ec5"", ""head"": ""linear""}",,,"{""adm"": 0.175052210688591, ""biggan"": 0.12796592712402344, ""glide"": 0.14307256042957306, ""midjourney"": 0.12241743505001068, ""sdv5"": 0.15459956228733063, ""vqdm"": 0.15986135601997375, ""wukong"": 0.11703096330165863}",76844.0,0.04327919155943628,"{'model_name': 'swin_tiny_patch4_window7_224', 'model_path': 'models/regularized_training/model_swin_t_regularized.pth', 'checksum': '3a9a2f9b6ec5', 'head': 'linear'}",3a9a2f9b6ec5,"{'adm': 0.175052210688591, 'biggan': 0.12796592712402344, 'glide': 0.14307256042957306, 'midjourney': 0.12241743505001068, 'sdv5': 0.15459956228733063, 'vqdm': 0.15986135601997375, 'wukong': 0.11703096330165863}",2025-10-17 11:27:07.519693+00:00,2025-10-17
127,2025-10-17T11:27:20.593068+00:00,2120.jpg,804663d97b9a4ecea344b8b8e1fdcef7.jpg,image/jpeg,512,512,nature,0.1183944121003151,0.8816056251525879,0.8816056251525879,upload,26.433958000041002,"{""model_name"": ""swin_tiny_patch4_window7_224"", ""model_path"": ""models/regularized_training/model_swin_t_regularized.pth"", ""checksum"": ""3a9a2f9b6ec5"", ""head"": ""linear""}",,,"{""adm"": 0.14225834608078003, ""biggan"": 0.11638796329498291, ""glide"": 0.15828821063041687, ""midjourney"": 0.16010130941867828, ""sdv5"": 0.11216884851455688, ""vqdm"": 0.16765724122524261, ""wukong"": 0.14313805103302002}",43432.0,0.013253470028147979,"{'model_name': 'swin_tiny_patch4_window7_224', 'model_path': 'models/regularized_training/model_swin_t_regularized.pth', 'checksum': '3a9a2f9b6ec5', 'head': 'linear'}",3a9a2f9b6ec5,"{'adm': 0.14225834608078003, 'biggan': 0.11638796329498291, 'glide': 0.15828821063041687, 'midjourney': 0.16010130941867828, 'sdv5': 0.11216884851455688, 'vqdm': 0.16765724122524261, 'wukong': 0.14313805103302002}",2025-10-17 11:27:20.593068+00:00,2025-10-17
128,2025-10-17T11:27:28.587895+00:00,2128.jpg,d386d7865f25440fb33cb38e79c9a964.jpg,image/jpeg,512,512,nature,0.21849457919597626,0.7815054059028625,0.7815054059028625,upload,26.53908400009186,"{""model_name"": ""swin_tiny_patch4_window7_224"", ""model_path"": ""models/regularized_training/model_swin_t_regularized.pth"", ""checksum"": ""3a9a2f9b6ec5"", ""head"": ""linear""}",,,"{""adm"": 0.15657423436641693, ""biggan"": 0.14272540807724, ""glide"": 0.12700021266937256, ""midjourney"": 0.17575015127658844, ""sdv5"": 0.09312278032302856, ""vqdm"": 0.17468078434467316, ""wukong"": 0.13014648854732513}",42971.0,0.015320093491498162,"{'model_name': 'swin_tiny_patch4_window7_224', 'model_path': 'models/regularized_training/model_swin_t_regularized.pth', 'checksum': '3a9a2f9b6ec5', 'head': 'linear'}",3a9a2f9b6ec5,"{'adm': 0.15657423436641693, 'biggan': 0.14272540807724, 'glide': 0.12700021266937256, 'midjourney': 0.17575015127658844, 'sdv5': 0.09312278032302856, 'vqdm': 0.17468078434467316, 'wukong': 0.13014648854732513}",2025-10-17 11:27:28.587895+00:00,2025-10-17
131,2025-10-17T11:27:51.874235+00:00,2247.jpg,04acf752ab6046fc87a8a44138f82094.jpg,image/jpeg,512,512,nature,0.2474355548620224,0.7525643706321716,0.7525643706321716,upload,22.455540999999357,"{""model_name"": ""swin_tiny_patch4_window7_224"", ""model_path"": ""models/regularized_training/model_swin_t_regularized.pth"", ""checksum"": ""3a9a2f9b6ec5"", ""head"": ""linear""}",,,"{""adm"": 0.09167197346687317, ""biggan"": 0.14656879007816315, ""glide"": 0.12845830619335175, ""midjourney"": 0.10086288303136826, ""sdv5"": 0.20096640288829803, ""vqdm"": 0.18551012873649597, ""wukong"": 0.1459614634513855}",63736.0,0.027738294414445464,"{'model_name': 'swin_tiny_patch4_window7_224', 'model_path': 'models/regularized_training/model_swin_t_regularized.pth', 'checksum': '3a9a2f9b6ec5', 'head': 'linear'}",3a9a2f9b6ec5,"{'adm': 0.09167197346687317, 'biggan': 0.14656879007816315, 'glide': 0.12845830619335175, 'midjourney': 0.10086288303136826, 'sdv5': 0.20096640288829803, 'vqdm': 0.18551012873649597, 'wukong': 0.1459614634513855}",2025-10-17 11:27:51.874235+00:00,2025-10-17
132,2025-10-17T11:28:00.236599+00:00,2256.jpg,d08aa0d9cebf454b8e4cd6c6cbd91fcc.jpg,image/jpeg,512,512,nature,0.3609731197357178,0.6390268802642822,0.6390268802642822,upload,33.66116699999111,"{""model_name"": ""swin_tiny_patch4_window7_224"", ""model_path"": ""models/regularized_training/model_swin_t_regularized.pth"", ""checksum"": ""3a9a2f9b6ec5"", ""head"": ""linear""}",,,"{""adm"": 0.11513718962669373, ""biggan"": 0.08204050362110138, ""glide"": 0.4797680974006653, ""midjourney"": 0.08889205008745193, ""sdv5"": 0.03730040416121483, ""vqdm"": 0.13370651006698608, ""wukong"": 0.06315520405769348}",36551.0,0.01847656848383885,"{'model_name': 'swin_tiny_patch4_window7_224', 'model_path': 'models/regularized_training/model_swin_t_regularized.pth', 'checksum': '3a9a2f9b6ec5', 'head': 'linear'}",3a9a2f9b6ec5,"{'adm': 0.11513718962669373, 'biggan': 0.08204050362110138, 'glide': 0.4797680974006653, 'midjourney': 0.08889205008745193, 'sdv5': 0.03730040416121483, 'vqdm': 0.13370651006698608, 'wukong': 0.06315520405769348}",2025-10-17 11:28:00.236599+00:00,2025-10-17
135,2025-10-17T11:28:41.236062+00:00,4009.jpg,905c56e394924bf09440f211142ad99e.jpg,image/jpeg,512,512,nature,0.3166094422340393,0.6833906173706055,0.6833906173706055,upload,32.148416000040925,"{""model_name"": ""swin_tiny_patch4_window7_224"", ""model_path"": ""models/regularized_training/model_swin_t_regularized.pth"", ""checksum"": ""3a9a2f9b6ec5"", ""head"": ""linear""}",,,"{""adm"": 0.13959667086601257, ""biggan"": 0.1590617299079895, ""glide"": 0.09554114192724228, ""midjourney"": 0.15493594110012054, ""sdv5"": 0.09740383177995682, ""vqdm"": 0.14256833493709564, ""wukong"": 0.2108924388885498}",38554.0,0.011209375718060662,"{'model_name': 'swin_tiny_patch4_window7_224', 'model_path': 'models/regularized_training/model_swin_t_regularized.pth', 'checksum': '3a9a2f9b6ec5', 'head': 'linear'}",3a9a2f9b6ec5,"{'adm': 0.13959667086601257, 'biggan': 0.1590617299079895, 'glide': 0.09554114192724228, 'midjourney': 0.15493594110012054, 'sdv5': 0.09740383177995682, 'vqdm': 0.14256833493709564, 'wukong': 0.2108924388885498}",2025-10-17 11:28:41.236062+00:00,2025-10-17
136,2025-10-17T11:28:52.642675+00:00,5980.jpg,84c1cf02e47545bf90a396472b504a44.jpg,image/jpeg,512,512,nature,0.03691701218485832,0.963083028793335,0.963083028793335,upload,29.625834000057694,"{""model_name"": ""swin_tiny_patch4_window7_224"", ""model_path"": ""models/regularized_training/model_swin_t_regularized.pth"", ""checksum"": ""3a9a2f9b6ec5"", ""head"": ""linear""}",,,"{""adm"": 0.0920681431889534, ""biggan"": 0.14501002430915833, ""glide"": 0.17788738012313843, ""midjourney"": 0.13147254288196564, ""sdv5"": 0.16351602971553802, ""vqdm"": 0.1421889215707779, ""wukong"": 0.14785702526569366}",53602.0,0.024062751321231618,"{'model_name': 'swin_tiny_patch4_window7_224', 'model_path': 'models/regularized_training/model_swin_t_regularized.pth', 'checksum': '3a9a2f9b6ec5', 'head': 'linear'}",3a9a2f9b6ec5,"{'adm': 0.0920681431889534, 'biggan': 0.14501002430915833, 'glide': 0.17788738012313843, 'midjourney': 0.13147254288196564, 'sdv5': 0.16351602971553802, 'vqdm': 0.1421889215707779, 'wukong': 0.14785702526569366}",2025-10-17 11:28:52.642675+00:00,2025-10-17
137,2025-10-17T11:28:58.839489+00:00,5719.jpg,549d68ea96e04f8eaa69ce090c567b12.jpg,image/jpeg,512,512,nature,0.17957454919815063,0.8204254508018494,0.8204254508018494,upload,27.98933400003989,"{""model_name"": ""swin_tiny_patch4_window7_224"", ""model_path"": ""models/regularized_training/model_swin_t_regularized.pth"", ""checksum"": ""3a9a2f9b6ec5"", ""head"": ""linear""}",,,"{""adm"": 0.1275545209646225, ""biggan"": 0.14119072258472443, ""glide"": 0.11532799899578094, ""midjourney"": 0.15334667265415192, ""sdv5"": 0.1665256768465042, ""vqdm"": 0.19499146938323975, ""wukong"": 0.10106303542852402}",66220.0,0.033408714743221504,"{'model_name': 'swin_tiny_patch4_window7_224', 'model_path': 'models/regularized_training/model_swin_t_regularized.pth', 'checksum': '3a9a2f9b6ec5', 'head': 'linear'}",3a9a2f9b6ec5,"{'adm': 0.1275545209646225, 'biggan': 0.14119072258472443, 'glide': 0.11532799899578094, 'midjourney': 0.15334667265415192, 'sdv5': 0.1665256768465042, 'vqdm': 0.19499146938323975, 'wukong': 0.10106303542852402}",2025-10-17 11:28:58.839489+00:00,2025-10-17
138,2025-10-17T11:29:03.124201+00:00,5691.jpg,92e6bc2538414029b378c4129f4daf7b.jpg,image/jpeg,512,512,nature,0.12772561609745026,0.8722743988037109,0.8722743988037109,upload,33.54070800003228,"{""model_name"": ""swin_tiny_patch4_window7_224"", ""model_path"": ""models/regularized_training/model_swin_t_regularized.pth"", ""checksum"": ""3a9a2f9b6ec5"", ""head"": ""linear""}",,,"{""adm"": 0.1494322270154953, ""biggan"": 0.1359158605337143, ""glide"": 0.14141365885734558, ""midjourney"": 0.12430259585380554, ""sdv5"": 0.149846613407135, ""vqdm"": 0.168681800365448, ""wukong"": 0.13040730357170105}",81113.0,0.039800292370366114,"{'model_name': 'swin_tiny_patch4_window7_224', 'model_path': 'models/regularized_training/model_swin_t_regularized.pth', 'checksum': '3a9a2f9b6ec5', 'head': 'linear'}",3a9a2f9b6ec5,"{'adm': 0.1494322270154953, 'biggan': 0.1359158605337143, 'glide': 0.14141365885734558, 'midjourney': 0.12430259585380554, 'sdv5': 0.149846613407135, 'vqdm': 0.168681800365448, 'wukong': 0.13040730357170105}",2025-10-17 11:29:03.124201+00:00,2025-10-17
140,2025-10-17T11:29:31.405063+00:00,3845.jpg,44b1c781118b4637a8c6335835a77a31.jpg,image/jpeg,512,512,nature,0.1690218299627304,0.8309781551361084,0.8309781551361084,upload,30.676332999973965,"{""model_name"": ""swin_tiny_patch4_window7_224"", ""model_path"": ""models/regularized_training/model_swin_t_regularized.pth"", ""checksum"": ""3a9a2f9b6ec5"", ""head"": ""linear""}",,,"{""adm"": 0.17676322162151337, ""biggan"": 0.1595381498336792, ""glide"": 0.13724565505981445, ""midjourney"": 0.1539503037929535, ""sdv5"": 0.07111866772174835, ""vqdm"": 0.177687406539917, ""wukong"": 0.1236967071890831}",44713.0,0.03186465992647059,"{'model_name': 'swin_tiny_patch4_window7_224', 'model_path': 'models/regularized_training/model_swin_t_regularized.pth', 'checksum': '3a9a2f9b6ec5', 'head': 'linear'}",3a9a2f9b6ec5,"{'adm': 0.17676322162151337, 'biggan': 0.1595381498336792, 'glide': 0.13724565505981445, 'midjourney': 0.1539503037929535, 'sdv5': 0.07111866772174835, 'vqdm': 0.177687406539917, 'wukong': 0.1236967071890831}",2025-10-17 11:29:31.405063+00:00,2025-10-17
145,2025-10-17T11:30:46.547610+00:00,3663.jpg,8da34d7330c9482c8912a44ace27afdc.jpg,image/jpeg,512,512,nature,0.2055215686559677,0.7944783568382263,0.7944783568382263,upload,25.11091700000634,"{""model_name"": ""swin_tiny_patch4_window7_224"", ""model_path"": ""models/regularized_training/model_swin_t_regularized.pth"", ""checksum"": ""3a9a2f9b6ec5"", ""head"": ""linear""}",,,"{""adm"": 0.07756637781858444, ""biggan"": 0.13656336069107056, ""glide"": 0.14494670927524567, ""midjourney"": 0.14684514701366425, ""sdv5"": 0.16321222484111786, ""vqdm"": 0.15693217515945435, ""wukong"": 0.17393401265144348}",58916.0,0.028731506946040136,"{'model_name': 'swin_tiny_patch4_window7_224', 'model_path': 'models/regularized_training/model_swin_t_regularized.pth', 'checksum': '3a9a2f9b6ec5', 'head': 'linear'}",3a9a2f9b6ec5,"{'adm': 0.07756637781858444, 'biggan': 0.13656336069107056, 'glide': 0.14494670927524567, 'midjourney': 0.14684514701366425, 'sdv5': 0.16321222484111786, 'vqdm': 0.15693217515945435, 'wukong': 0.17393401265144348}",2025-10-17 11:30:46.547610+00:00,2025-10-17
148,2025-10-17T11:31:10.824172+00:00,3145.jpg,26e519a683674390bd3b43d1ea0138c9.jpg,image/jpeg,512,512,nature,0.175922691822052,0.8240772485733032,0.8240772485733032,upload,30.262417000017194,"{""model_name"": ""swin_tiny_patch4_window7_224"", ""model_path"": ""models/regularized_training/model_swin_t_regularized.pth"", ""checksum"": ""3a9a2f9b6ec5"", ""head"": ""linear""}",,,"{""adm"": 0.16494180262088776, ""biggan"": 0.15813662111759186, ""glide"": 0.14218351244926453, ""midjourney"": 0.15281321108341217, ""sdv5"": 0.09800628572702408, ""vqdm"": 0.1472940444946289, ""wukong"": 0.1366245448589325}",31176.0,0.007075306013518689,"{'model_name': 'swin_tiny_patch4_window7_224', 'model_path': 'models/regularized_training/model_swin_t_regularized.pth', 'checksum': '3a9a2f9b6ec5', 'head': 'linear'}",3a9a2f9b6ec5,"{'adm': 0.16494180262088776, 'biggan': 0.15813662111759186, 'glide': 0.14218351244926453, 'midjourney': 0.15281321108341217, 'sdv5': 0.09800628572702408, 'vqdm': 0.1472940444946289, 'wukong': 0.1366245448589325}",2025-10-17 11:31:10.824172+00:00,2025-10-17
150,2025-10-17T11:31:22.127651+00:00,2875.jpg,208d0c64a6ec4006b38911f3a84c5e1a.jpg,image/jpeg,512,512,nature,0.19196940958499908,0.8080305457115173,0.8080305457115173,upload,40.89733299997533,"{""model_name"": ""swin_tiny_patch4_window7_224"", ""model_path"": ""models/regularized_training/model_swin_t_regularized.pth"", ""checksum"": ""3a9a2f9b6ec5"", ""head"": ""linear""}",,,"{""adm"": 0.14017949998378754, ""biggan"": 0.12530842423439026, ""glide"": 0.1667562872171402, ""midjourney"": 0.16256286203861237, ""sdv5"": 0.12239129841327667, ""vqdm"": 0.142796128988266, ""wukong"": 0.14000549912452698}",44176.0,0.01697519339767157,"{'model_name': 'swin_tiny_patch4_window7_224', 'model_path': 'models/regularized_training/model_swin_t_regularized.pth', 'checksum': '3a9a2f9b6ec5', 'head': 'linear'}",3a9a2f9b6ec5,"{'adm': 0.14017949998378754, 'biggan': 0.12530842423439026, 'glide': 0.1667562872171402, 'midjourney': 0.16256286203861237, 'sdv5': 0.12239129841327667, 'vqdm': 0.142796128988266, 'wukong': 0.14000549912452698}",2025-10-17 11:31:22.127651+00:00,2025-10-17
152,2025-10-17T11:31:37.394347+00:00,5705.jpg,50204566df304f4c9d8064849df8c395.jpg,image/jpeg,512,512,nature,0.28909069299697876,0.7109093070030212,0.7109093070030212,upload,26.007999999933418,"{""model_name"": ""swin_tiny_patch4_window7_224"", ""model_path"": ""models/regularized_training/model_swin_t_regularized.pth"", ""checksum"": ""3a9a2f9b6ec5"", ""head"": ""linear""}",,,"{""adm"": 0.10763298720121384, ""biggan"": 0.14739271998405457, ""glide"": 0.15125499665737152, ""midjourney"": 0.15384194254875183, ""sdv5"": 0.17422935366630554, ""vqdm"": 0.13923150300979614, ""wukong"": 0.12641653418540955}",106922.0,0.07409147374770221,"{'model_name': 'swin_tiny_patch4_window7_224', 'model_path': 'models/regularized_training/model_swin_t_regularized.pth', 'checksum': '3a9a2f9b6ec5', 'head': 'linear'}",3a9a2f9b6ec5,"{'adm': 0.10763298720121384, 'biggan': 0.14739271998405457, 'glide': 0.15125499665737152, 'midjourney': 0.15384194254875183, 'sdv5': 0.17422935366630554, 'vqdm': 0.13923150300979614, 'wukong': 0.12641653418540955}",2025-10-17 11:31:37.394347+00:00,2025-10-17
153,2025-10-17T11:31:41.501714+00:00,5718.jpg,996e6175059649b3840df900ba326930.jpg,image/jpeg,512,512,nature,0.07774528861045837,0.922254741191864,0.922254741191864,upload,31.980458000020917,"{""model_name"": ""swin_tiny_patch4_window7_224"", ""model_path"": ""models/regularized_training/model_swin_t_regularized.pth"", ""checksum"": ""3a9a2f9b6ec5"", ""head"": ""linear""}",,,"{""adm"": 0.084236279129982, ""biggan"": 0.1871376782655716, ""glide"": 0.30694305896759033, ""midjourney"": 0.07876604795455933, ""sdv5"": 0.11563701927661896, ""vqdm"": 0.14908239245414734, ""wukong"": 0.07819744199514389}",31768.0,0.006947954963235294,"{'model_name': 'swin_tiny_patch4_window7_224', 'model_path': 'models/regularized_training/model_swin_t_regularized.pth', 'checksum': '3a9a2f9b6ec5', 'head': 'linear'}",3a9a2f9b6ec5,"{'adm': 0.084236279129982, 'biggan': 0.1871376782655716, 'glide': 0.30694305896759033, 'midjourney': 0.07876604795455933, 'sdv5': 0.11563701927661896, 'vqdm': 0.14908239245414734, 'wukong': 0.07819744199514389}",2025-10-17 11:31:41.501714+00:00,2025-10-17
154,2025-10-17T11:31:45.297488+00:00,5753.jpg,a446d3cdb7e14e0aa8df506fda0393a1.jpg,image/jpeg,512,512,nature,0.04343537986278534,0.9565646648406982,0.9565646648406982,upload,24.443375000032574,"{""model_name"": ""swin_tiny_patch4_window7_224"", ""model_path"": ""models/regularized_training/model_swin_t_regularized.pth"", ""checksum"": ""3a9a2f9b6ec5"", ""head"": ""linear""}",,,"{""adm"": 0.1335439234972, ""biggan"": 0.14257527887821198, ""glide"": 0.15022659301757812, ""midjourney"": 0.13999110460281372, ""sdv5"": 0.14093932509422302, ""vqdm"": 0.1669824719429016, ""wukong"": 0.1257413625717163}",32822.0,0.008809437471277574,"{'model_name': 'swin_tiny_patch4_window7_224', 'model_path': 'models/regularized_training/model_swin_t_regularized.pth', 'checksum': '3a9a2f9b6ec5', 'head': 'linear'}",3a9a2f9b6ec5,"{'adm': 0.1335439234972, 'biggan': 0.14257527887821198, 'glide': 0.15022659301757812, 'midjourney': 0.13999110460281372, 'sdv5': 0.14093932509422302, 'vqdm': 0.1669824719429016, 'wukong': 0.1257413625717163}",2025-10-17 11:31:45.297488+00:00,2025-10-17
155,2025-10-17T11:31:50.180208+00:00,5812.jpg,232b8a5cf46c4149beb01dd63b0ca977.jpg,image/jpeg,512,512,nature,0.18025623261928558,0.819743812084198,0.819743812084198,upload,32.02379100002872,"{""model_name"": ""swin_tiny_patch4_window7_224"", ""model_path"": ""models/regularized_training/model_swin_t_regularized.pth"", ""checksum"": ""3a9a2f9b6ec5"", ""head"": ""linear""}",,,"{""adm"": 0.14897829294204712, ""biggan"": 0.11749377101659775, ""glide"": 0.13896839320659637, ""midjourney"": 0.1877627968788147, ""sdv5"": 0.15924963355064392, ""vqdm"": 0.15048417448997498, ""wukong"": 0.09706291556358337}",44849.0,0.014316110049977022,"{'model_name': 'swin_tiny_patch4_window7_224', 'model_path': 'models/regularized_training/model_swin_t_regularized.pth', 'checksum': '3a9a2f9b6ec5', 'head': 'linear'}",3a9a2f9b6ec5,"{'adm': 0.14897829294204712, 'biggan': 0.11749377101659775, 'glide': 0.13896839320659637, 'midjourney': 0.1877627968788147, 'sdv5': 0.15924963355064392, 'vqdm': 0.15048417448997498, 'wukong': 0.09706291556358337}",2025-10-17 11:31:50.180208+00:00,2025-10-17
167,2025-10-29T08:53:23.719221+00:00,image.jpg,c22f1cc424684179ac9d21c7f383fe80.jpg,image/jpeg,178,218,nature,0.22885212302207947,0.7711478471755981,0.7711478471755981,upload,46.362083001440624,"{""model_name"": ""swin_tiny_patch4_window7_224"", ""model_path"": ""models/regularized_finetune/model_swin_t_regularized.pth"", ""checksum"": ""8fb994d498dc"", ""head"": ""linear""}",,,,6902.0,0.0737050556744706,"{'model_name': 'swin_tiny_patch4_window7_224', 'model_path': 'models/regularized_finetune/model_swin_t_regularized.pth', 'checksum': '8fb994d498dc', 'head': 'linear'}",8fb994d498dc,,2025-10-29 08:53:23.719221+00:00,2025-10-29
168,2025-10-29T08:53:33.086301+00:00,image-13.jpg,ba853ac09c3b41ed80564bb0f91a19d9.jpg,image/jpeg,178,218,nature,0.2525577247142792,0.7474423050880432,0.7474423050880432,upload,33.07804200085229,"{""model_name"": ""swin_tiny_patch4_window7_224"", ""model_path"": ""models/regularized_finetune/model_swin_t_regularized.pth"", ""checksum"": ""8fb994d498dc"", ""head"": ""linear""}",,,,7052.0,0.07032830656229093,"{'model_name': 'swin_tiny_patch4_window7_224', 'model_path': 'models/regularized_finetune/model_swin_t_regularized.pth', 'checksum': '8fb994d498dc', 'head': 'linear'}",8fb994d498dc,,2025-10-29 08:53:33.086301+00:00,2025-10-29
169,2025-10-29T08:53:37.817011+00:00,image-11.jpg,6b2da5aa532540f0a85e478a33061caa.jpg,image/jpeg,178,218,nature,0.06996287405490875,0.9300372004508972,0.9300372004508972,upload,31.076584000402363,"{""model_name"": ""swin_tiny_patch4_window7_224"", ""model_path"": ""models/regularized_finetune/model_swin_t_regularized.pth"", ""checksum"": ""8fb994d498dc"", ""head"": ""linear""}",,,,4880.0,0.028402873364581374,"{'model_name': 'swin_tiny_patch4_window7_224', 'model_path': 'models/regularized_finetune/model_swin_t_regularized.pth', 'checksum': '8fb994d498dc', 'head': 'linear'}",8fb994d498dc,,2025-10-29 08:53:37.817011+00:00,2025-10-29
174,2025-10-29T09:09:29.992619+00:00,image-8.jpg,4b789b8537224d409790bb290a535ae6.jpg,image/jpeg,178,218,nature,0.32729005813598633,0.6727099418640137,0.6727099418640137,upload,36.12674999749288,"{""model_name"": ""swin_tiny_patch4_window7_224"", ""model_path"": ""models/regularized_finetune/model_swin_t_regularized.pth"", ""checksum"": ""8fb994d498dc"", ""head"": ""linear""}",,,,7318.0,0.07364179152745523,"{'model_name': 'swin_tiny_patch4_window7_224', 'model_path': 'models/regularized_finetune/model_swin_t_regularized.pth', 'checksum': '8fb994d498dc', 'head': 'linear'}",8fb994d498dc,,2025-10-29 09:09:29.992619+00:00,2025-10-29
175,2025-10-29T09:09:34.563864+00:00,image-9.jpg,57243f67b26c4c8fbf00ca843c7175c1.jpg,image/jpeg,178,218,nature,0.13373133540153503,0.8662686944007874,0.8662686944007874,upload,44.62658400007058,"{""model_name"": ""swin_tiny_patch4_window7_224"", ""model_path"": ""models/regularized_finetune/model_swin_t_regularized.pth"", ""checksum"": ""8fb994d498dc"", ""head"": ""linear""}",,,,7156.0,0.07414962273951947,"{'model_name': 'swin_tiny_patch4_window7_224', 'model_path': 'models/regularized_finetune/model_swin_t_regularized.pth', 'checksum': '8fb994d498dc', 'head': 'linear'}",8fb994d498dc,,2025-10-29 09:09:34.563864+00:00,2025-10-29
176,2025-10-29T09:09:39.370297+00:00,image-10.jpg,3b46348058a94ec6913309ba2a06b35e.jpg,image/jpeg,178,218,nature,0.2616783380508423,0.7383216023445129,0.7383216023445129,upload,38.87808299987228,"{""model_name"": ""swin_tiny_patch4_window7_224"", ""model_path"": ""models/regularized_finetune/model_swin_t_regularized.pth"", ""checksum"": ""8fb994d498dc"", ""head"": ""linear""}",,,,7373.0,0.06718611988656921,"{'model_name': 'swin_tiny_patch4_window7_224', 'model_path': 'models/regularized_finetune/model_swin_t_regularized.pth', 'checksum': '8fb994d498dc', 'head': 'linear'}",8fb994d498dc,,2025-10-29 09:09:39.370297+00:00,2025-10-29
185,2025-10-29T09:29:58.224417+00:00,image-14.jpg,f7350be90a104f38840ef26104beb258.jpg,image/jpeg,178,218,nature,0.2867853045463562,0.7132146954536438,0.7132146954536438,upload,34.16045799895073,"{""model_name"": ""swin_tiny_patch4_window7_224"", ""model_path"": ""models/regularized_training/model_swin_t_regularized.pth"", ""checksum"": ""3a9a2f9b6ec5"", ""head"": ""linear""}",,,,8101.0,0.09571956398269028,"{'model_name': 'swin_tiny_patch4_window7_224', 'model_path': 'models/regularized_training/model_swin_t_regularized.pth', 'checksum': '3a9a2f9b6ec5', 'head': 'linear'}",3a9a2f9b6ec5,,2025-10-29 09:29:58.224417+00:00,2025-10-29
186,2025-10-29T09:41:59.046410+00:00,image.jpg,7f3e91ea8ebd4023a66f52b7951f9519.jpg,image/jpeg,178,218,nature,0.06848129630088806,0.9315186738967896,0.9315186738967896,upload,190.82808299936005,"{""model_name"": ""swin_tiny_patch4_window7_224"", ""model_path"": ""models/regularized_training/model_swin_t_regularized.pth"", ""checksum"": ""3a9a2f9b6ec5"", ""head"": ""linear""}",,,,6902.0,0.0737050556744706,"{'model_name': 'swin_tiny_patch4_window7_224', 'model_path': 'models/regularized_training/model_swin_t_regularized.pth', 'checksum': '3a9a2f9b6ec5', 'head': 'linear'}",3a9a2f9b6ec5,,2025-10-29 09:41:59.046410+00:00,2025-10-29
190,2025-10-29T09:47:24.403874+00:00,image-7.jpg,a7c880f363e442bba993587f239463e0.jpg,image/jpeg,178,218,nature,0.06522515416145325,0.9347748756408691,0.9347748756408691,upload,32.92070800307556,"{""model_name"": ""swin_tiny_patch4_window7_224"", ""model_path"": ""models/regularized_training/model_swin_t_regularized.pth"", ""checksum"": ""3a9a2f9b6ec5"", ""head"": ""linear""}",,,"{""adm"": 0.366585373878479, ""midjourney"": 0.10454810410737991, ""wukong"": 0.0716586634516716, ""vqdm"": 0.15179842710494995, ""biggan"": 0.12654267251491547, ""glide"": 0.09536949545145035, ""sdv5"": 0.0834973007440567}",8167.0,0.07681722725168823,"{'model_name': 'swin_tiny_patch4_window7_224', 'model_path': 'models/regularized_training/model_swin_t_regularized.pth', 'checksum': '3a9a2f9b6ec5', 'head': 'linear'}",3a9a2f9b6ec5,"{'adm': 0.366585373878479, 'midjourney': 0.10454810410737991, 'wukong': 0.0716586634516716, 'vqdm': 0.15179842710494995, 'biggan': 0.12654267251491547, 'glide': 0.09536949545145035, 'sdv5': 0.0834973007440567}",2025-10-29 09:47:24.403874+00:00,2025-10-29
192,2025-10-29T09:47:39.534226+00:00,image-8.jpg,c7c79ff2838342d9ba8ad7dbc5f505dd.jpg,image/jpeg,178,218,nature,0.04425213858485222,0.9557479023933411,0.9557479023933411,upload,29.490917000657646,"{""model_name"": ""swin_tiny_patch4_window7_224"", ""model_path"": ""models/regularized_training/model_swin_t_regularized.pth"", ""checksum"": ""3a9a2f9b6ec5"", ""head"": ""linear""}",,,"{""adm"": 0.3534702956676483, ""midjourney"": 0.10710542649030685, ""wukong"": 0.07408134639263153, ""vqdm"": 0.1531991958618164, ""biggan"": 0.12782840430736542, ""glide"": 0.09935486316680908, ""sdv5"": 0.08496052026748657}",7318.0,0.07364179152745523,"{'model_name': 'swin_tiny_patch4_window7_224', 'model_path': 'models/regularized_training/model_swin_t_regularized.pth', 'checksum': '3a9a2f9b6ec5', 'head': 'linear'}",3a9a2f9b6ec5,"{'adm': 0.3534702956676483, 'midjourney': 0.10710542649030685, 'wukong': 0.07408134639263153, 'vqdm': 0.1531991958618164, 'biggan': 0.12782840430736542, 'glide': 0.09935486316680908, 'sdv5': 0.08496052026748657}",2025-10-29 09:47:39.534226+00:00,2025-10-29
193,2025-10-29T09:47:44.898031+00:00,image-9.jpg,3d290eaba8ea4c128540f7c74c03681f.jpg,image/jpeg,178,218,nature,0.07707903534173965,0.9229210019111633,0.9229210019111633,upload,26.35345800081268,"{""model_name"": ""swin_tiny_patch4_window7_224"", ""model_path"": ""models/regularized_training/model_swin_t_regularized.pth"", ""checksum"": ""3a9a2f9b6ec5"", ""head"": ""linear""}",,,"{""adm"": 0.377750039100647, ""midjourney"": 0.10449473559856415, ""wukong"": 0.06721673160791397, ""vqdm"": 0.14625012874603271, ""biggan"": 0.12489296495914459, ""glide"": 0.0976584181189537, ""sdv5"": 0.08173704892396927}",7156.0,0.07414962273951947,"{'model_name': 'swin_tiny_patch4_window7_224', 'model_path': 'models/regularized_training/model_swin_t_regularized.pth', 'checksum': '3a9a2f9b6ec5', 'head': 'linear'}",3a9a2f9b6ec5,"{'adm': 0.377750039100647, 'midjourney': 0.10449473559856415, 'wukong': 0.06721673160791397, 'vqdm': 0.14625012874603271, 'biggan': 0.12489296495914459, 'glide': 0.0976584181189537, 'sdv5': 0.08173704892396927}",2025-10-29 09:47:44.898031+00:00,2025-10-29
194,2025-10-29T09:47:49.898494+00:00,image-14.jpg,59d8b9fb6da1493784074cb9f7e38833.jpg,image/jpeg,178,218,nature,0.2867853045463562,0.7132146954536438,0.7132146954536438,upload,32.60883300026762,"{""model_name"": ""swin_tiny_patch4_window7_224"", ""model_path"": ""models/regularized_training/model_swin_t_regularized.pth"", ""checksum"": ""3a9a2f9b6ec5"", ""head"": ""linear""}",,,"{""adm"": 0.44838854670524597, ""midjourney"": 0.09525701403617859, ""wukong"": 0.05120256915688515, ""vqdm"": 0.12477239221334457, ""biggan"": 0.11427819728851318, ""glide"": 0.087126225233078, ""sdv5"": 0.0789751261472702}",8101.0,0.09571956398269028,"{'model_name': 'swin_tiny_patch4_window7_224', 'model_path': 'models/regularized_training/model_swin_t_regularized.pth', 'checksum': '3a9a2f9b6ec5', 'head': 'linear'}",3a9a2f9b6ec5,"{'adm': 0.44838854670524597, 'midjourney': 0.09525701403617859, 'wukong': 0.05120256915688515, 'vqdm': 0.12477239221334457, 'biggan': 0.11427819728851318, 'glide': 0.087126225233078, 'sdv5': 0.0789751261472702}",2025-10-29 09:47:49.898494+00:00,2025-10-29
195,2025-10-29T09:48:06.414586+00:00,949d5ae7ee704f22bab5d3bc5b2ac270.jpg,20ba75011d1d44c0a2f31a906b5c4d17.jpg,image/jpeg,512,512,nature,0.4727010726928711,0.5272989273071289,0.5272989273071289,upload,36.186042001645546,"{""model_name"": ""swin_tiny_patch4_window7_224"", ""model_path"": ""models/regularized_training/model_swin_t_regularized.pth"", ""checksum"": ""3a9a2f9b6ec5"", ""head"": ""linear""}",,,"{""adm"": 0.4092106521129608, ""midjourney"": 0.11137441545724869, ""wukong"": 0.046090710908174515, ""vqdm"": 0.13865594565868378, ""biggan"": 0.12205208837985992, ""glide"": 0.10631794482469559, ""sdv5"": 0.06629826873540878}",34197.0,0.008947379916321998,"{'model_name': 'swin_tiny_patch4_window7_224', 'model_path': 'models/regularized_training/model_swin_t_regularized.pth', 'checksum': '3a9a2f9b6ec5', 'head': 'linear'}",3a9a2f9b6ec5,"{'adm': 0.4092106521129608, 'midjourney': 0.11137441545724869, 'wukong': 0.046090710908174515, 'vqdm': 0.13865594565868378, 'biggan': 0.12205208837985992, 'glide': 0.10631794482469559, 'sdv5': 0.06629826873540878}",2025-10-29 09:48:06.414586+00:00,2025-10-29
197,2025-10-29T09:49:40.261782+00:00,000165.jpg,439e902ce5dc4b248bd157fad6d45280.jpg,image/jpeg,512,512,nature,0.3786975145339966,0.6213024258613586,0.6213024258613586,upload,32.18754100089427,"{""model_name"": ""swin_tiny_patch4_window7_224"", ""model_path"": ""models/regularized_training/model_swin_t_regularized.pth"", ""checksum"": ""3a9a2f9b6ec5"", ""head"": ""linear""}",,,"{""adm"": 0.4176737368106842, ""midjourney"": 0.09912534058094025, ""wukong"": 0.052157480269670486, ""vqdm"": 0.14802052080631256, ""biggan"": 0.12789514660835266, ""glide"": 0.08627641946077347, ""sdv5"": 0.06885135173797607}",49571.0,0.012770484475528492,"{'model_name': 'swin_tiny_patch4_window7_224', 'model_path': 'models/regularized_training/model_swin_t_regularized.pth', 'checksum': '3a9a2f9b6ec5', 'head': 'linear'}",3a9a2f9b6ec5,"{'adm': 0.4176737368106842, 'midjourney': 0.09912534058094025, 'wukong': 0.052157480269670486, 'vqdm': 0.14802052080631256, 'biggan': 0.12789514660835266, 'glide': 0.08627641946077347, 'sdv5': 0.06885135173797607}",2025-10-29 09:49:40.261782+00:00,2025-10-29
198,2025-10-29T09:49:56.611331+00:00,000062.jpg,3d7f348af82e4222a9854033c7b4e44f.jpg,image/jpeg,512,512,nature,0.40716519951820374,0.5928347110748291,0.5928347110748291,upload,41.595582999434555,"{""model_name"": ""swin_tiny_patch4_window7_224"", ""model_path"": ""models/regularized_training/model_swin_t_regularized.pth"", ""checksum"": ""3a9a2f9b6ec5"", ""head"": ""linear""}",,,"{""adm"": 0.400661826133728, ""midjourney"": 0.0979446992278099, ""wukong"": 0.05741163715720177, ""vqdm"": 0.14938606321811676, ""biggan"": 0.13257521390914917, ""glide"": 0.08437459170818329, ""sdv5"": 0.0776459276676178}",46853.0,0.014413167916092219,"{'model_name': 'swin_tiny_patch4_window7_224', 'model_path': 'models/regularized_training/model_swin_t_regularized.pth', 'checksum': '3a9a2f9b6ec5', 'head': 'linear'}",3a9a2f9b6ec5,"{'adm': 0.400661826133728, 'midjourney': 0.0979446992278099, 'wukong': 0.05741163715720177, 'vqdm': 0.14938606321811676, 'biggan': 0.13257521390914917, 'glide': 0.08437459170818329, 'sdv5': 0.0776459276676178}",2025-10-29 09:49:56.611331+00:00,2025-10-29
199,2025-10-29T09:50:03.168268+00:00,000104.jpg,80fd7db8bf5a49fc9461a7323a5a2baf.jpg,image/jpeg,512,512,nature,0.1951378583908081,0.8048621416091919,0.8048621416091919,upload,41.65833300066879,"{""model_name"": ""swin_tiny_patch4_window7_224"", ""model_path"": ""models/regularized_training/model_swin_t_regularized.pth"", ""checksum"": ""3a9a2f9b6ec5"", ""head"": ""linear""}",,,"{""adm"": 0.42523428797721863, ""midjourney"": 0.09860710054636002, ""wukong"": 0.05282904952764511, ""vqdm"": 0.13357578217983246, ""biggan"": 0.1212019994854927, ""glide"": 0.09302176535129547, ""sdv5"": 0.07552997022867203}",46807.0,0.023514721440333945,"{'model_name': 'swin_tiny_patch4_window7_224', 'model_path': 'models/regularized_training/model_swin_t_regularized.pth', 'checksum': '3a9a2f9b6ec5', 'head': 'linear'}",3a9a2f9b6ec5,"{'adm': 0.42523428797721863, 'midjourney': 0.09860710054636002, 'wukong': 0.05282904952764511, 'vqdm': 0.13357578217983246, 'biggan': 0.1212019994854927, 'glide': 0.09302176535129547, 'sdv5': 0.07552997022867203}",2025-10-29 09:50:03.168268+00:00,2025-10-29
203,2025-10-29T09:50:49.555017+00:00,004188.jpg,c579bc1071614a37aaa38634cdcecab2.jpg,image/jpeg,512,512,nature,0.2754098176956177,0.7245901823043823,0.7245901823043823,upload,34.61833400069736,"{""model_name"": ""swin_tiny_patch4_window7_224"", ""model_path"": ""models/regularized_training/model_swin_t_regularized.pth"", ""checksum"": ""3a9a2f9b6ec5"", ""head"": ""linear""}",,,"{""adm"": 0.4438614249229431, ""midjourney"": 0.09560823440551758, ""wukong"": 0.04898341745138168, ""vqdm"": 0.13014176487922668, ""biggan"": 0.11697336286306381, ""glide"": 0.08971621096134186, ""sdv5"": 0.07471564412117004}",40598.0,0.018253565769569546,"{'model_name': 'swin_tiny_patch4_window7_224', 'model_path': 'models/regularized_training/model_swin_t_regularized.pth', 'checksum': '3a9a2f9b6ec5', 'head': 'linear'}",3a9a2f9b6ec5,"{'adm': 0.4438614249229431, 'midjourney': 0.09560823440551758, 'wukong': 0.04898341745138168, 'vqdm': 0.13014176487922668, 'biggan': 0.11697336286306381, 'glide': 0.08971621096134186, 'sdv5': 0.07471564412117004}",2025-10-29 09:50:49.555017+00:00,2025-10-29
204,2025-10-29T09:50:58.048944+00:00,004232.jpg,e9bf6e117e2d41659d5076f78c56f233.jpg,image/jpeg,512,512,nature,0.2700231075286865,0.7299768924713135,0.7299768924713135,upload,36.33283299859613,"{""model_name"": ""swin_tiny_patch4_window7_224"", ""model_path"": ""models/regularized_training/model_swin_t_regularized.pth"", ""checksum"": ""3a9a2f9b6ec5"", ""head"": ""linear""}",,,"{""adm"": 0.4536026418209076, ""midjourney"": 0.09425965696573257, ""wukong"": 0.05189259722828865, ""vqdm"": 0.127447247505188, ""biggan"": 0.11462833732366562, ""glide"": 0.08188488334417343, ""sdv5"": 0.07628466188907623}",57115.0,0.020151459937002146,"{'model_name': 'swin_tiny_patch4_window7_224', 'model_path': 'models/regularized_training/model_swin_t_regularized.pth', 'checksum': '3a9a2f9b6ec5', 'head': 'linear'}",3a9a2f9b6ec5,"{'adm': 0.4536026418209076, 'midjourney': 0.09425965696573257, 'wukong': 0.05189259722828865, 'vqdm': 0.127447247505188, 'biggan': 0.11462833732366562, 'glide': 0.08188488334417343, 'sdv5': 0.07628466188907623}",2025-10-29 09:50:58.048944+00:00,2025-10-29
205,2025-10-29T09:51:11.827441+00:00,002036.jpg,52a8d369cc6741b6852eb40dc2b09ae6.jpg,image/jpeg,512,512,nature,0.4835156202316284,0.5164843797683716,0.5164843797683716,upload,37.68750000017462,"{""model_name"": ""swin_tiny_patch4_window7_224"", ""model_path"": ""models/regularized_training/model_swin_t_regularized.pth"", ""checksum"": ""3a9a2f9b6ec5"", ""head"": ""linear""}",,,"{""adm"": 0.39085686206817627, ""midjourney"": 0.1105172410607338, ""wukong"": 0.05354872718453407, ""vqdm"": 0.1280178725719452, ""biggan"": 0.12315113097429276, ""glide"": 0.10710375756025314, ""sdv5"": 0.08680450171232224}",40618.0,0.00879971373314951,"{'model_name': 'swin_tiny_patch4_window7_224', 'model_path': 'models/regularized_training/model_swin_t_regularized.pth', 'checksum': '3a9a2f9b6ec5', 'head': 'linear'}",3a9a2f9b6ec5,"{'adm': 0.39085686206817627, 'midjourney': 0.1105172410607338, 'wukong': 0.05354872718453407, 'vqdm': 0.1280178725719452, 'biggan': 0.12315113097429276, 'glide': 0.10710375756025314, 'sdv5': 0.08680450171232224}",2025-10-29 09:51:11.827441+00:00,2025-10-29
207,2025-10-29T09:52:05.214337+00:00,002407.jpg,65c0ac8a80dd4c22b523fd3560200f5b.jpg,image/jpeg,512,512,nature,0.5155510902404785,0.4844488799571991,0.5155510902404785,upload,39.866040999186225,"{""model_name"": ""swin_tiny_patch4_window7_224"", ""model_path"": ""models/regularized_training/model_swin_t_regularized.pth"", ""checksum"": ""3a9a2f9b6ec5"", ""head"": ""linear""}",,,"{""adm"": 0.40032824873924255, ""midjourney"": 0.10518542677164078, ""wukong"": 0.062305547297000885, ""vqdm"": 0.12707334756851196, ""biggan"": 0.11987258493900299, ""glide"": 0.0894688218832016, ""sdv5"": 0.09576606750488281}",62164.0,0.020950840968711703,"{'model_name': 'swin_tiny_patch4_window7_224', 'model_path': 'models/regularized_training/model_swin_t_regularized.pth', 'checksum': '3a9a2f9b6ec5', 'head': 'linear'}",3a9a2f9b6ec5,"{'adm': 0.40032824873924255, 'midjourney': 0.10518542677164078, 'wukong': 0.062305547297000885, 'vqdm': 0.12707334756851196, 'biggan': 0.11987258493900299, 'glide': 0.0894688218832016, 'sdv5': 0.09576606750488281}",2025-10-29 09:52:05.214337+00:00,2025-10-29
208,2025-10-29T09:52:12.307610+00:00,002408.jpg,72a65c51f96445498688b64a73351c44.jpg,image/jpeg,512,512,nature,0.5347172617912292,0.46528273820877075,0.5347172617912292,upload,33.71720899667707,"{""model_name"": ""swin_tiny_patch4_window7_224"", ""model_path"": ""models/regularized_training/model_swin_t_regularized.pth"", ""checksum"": ""3a9a2f9b6ec5"", ""head"": ""linear""}",,,"{""adm"": 0.38244861364364624, ""midjourney"": 0.10786192864179611, ""wukong"": 0.062462493777275085, ""vqdm"": 0.1272948533296585, ""biggan"": 0.12446628510951996, ""glide"": 0.09624317288398743, ""sdv5"": 0.09922267496585846}",46007.0,0.01616363525390625,"{'model_name': 'swin_tiny_patch4_window7_224', 'model_path': 'models/regularized_training/model_swin_t_regularized.pth', 'checksum': '3a9a2f9b6ec5', 'head': 'linear'}",3a9a2f9b6ec5,"{'adm': 0.38244861364364624, 'midjourney': 0.10786192864179611, 'wukong': 0.062462493777275085, 'vqdm': 0.1272948533296585, 'biggan': 0.12446628510951996, 'glide': 0.09624317288398743, 'sdv5': 0.09922267496585846}",2025-10-29 09:52:12.307610+00:00,2025-10-29
209,2025-10-29T09:52:23.495240+00:00,002551.jpg,e21442524c8448b6bc132c8e272c7149.jpg,image/jpeg,512,512,nature,0.10096506029367447,0.8990349173545837,0.8990349173545837,upload,36.156875001324806,"{""model_name"": ""swin_tiny_patch4_window7_224"", ""model_path"": ""models/regularized_training/model_swin_t_regularized.pth"", ""checksum"": ""3a9a2f9b6ec5"", ""head"": ""linear""}",,,"{""adm"": 0.3906727433204651, ""midjourney"": 0.10414573550224304, ""wukong"": 0.06616967916488647, ""vqdm"": 0.13897471129894257, ""biggan"": 0.12035767734050751, ""glide"": 0.0962744727730751, ""sdv5"": 0.08340494334697723}",77380.0,0.03277554979511336,"{'model_name': 'swin_tiny_patch4_window7_224', 'model_path': 'models/regularized_training/model_swin_t_regularized.pth', 'checksum': '3a9a2f9b6ec5', 'head': 'linear'}",3a9a2f9b6ec5,"{'adm': 0.3906727433204651, 'midjourney': 0.10414573550224304, 'wukong': 0.06616967916488647, 'vqdm': 0.13897471129894257, 'biggan': 0.12035767734050751, 'glide': 0.0962744727730751, 'sdv5': 0.08340494334697723}",2025-10-29 09:52:23.495240+00:00,2025-10-29
211,2025-10-29T09:52:45.010171+00:00,002619.jpg,c733b3a259f84d99a86abf8ad636cb0a.jpg,image/jpeg,512,512,nature,0.0650710016489029,0.9349289536476135,0.9349289536476135,upload,52.58629200034193,"{""model_name"": ""swin_tiny_patch4_window7_224"", ""model_path"": ""models/regularized_training/model_swin_t_regularized.pth"", ""checksum"": ""3a9a2f9b6ec5"", ""head"": ""linear""}",,,"{""adm"": 0.37207090854644775, ""midjourney"": 0.10535480082035065, ""wukong"": 0.07060038298368454, ""vqdm"": 0.14677193760871887, ""biggan"": 0.12426111102104187, ""glide"": 0.09705054014921188, ""sdv5"": 0.08389028906822205}",68771.0,0.027359562294155943,"{'model_name': 'swin_tiny_patch4_window7_224', 'model_path': 'models/regularized_training/model_swin_t_regularized.pth', 'checksum': '3a9a2f9b6ec5', 'head': 'linear'}",3a9a2f9b6ec5,"{'adm': 0.37207090854644775, 'midjourney': 0.10535480082035065, 'wukong': 0.07060038298368454, 'vqdm': 0.14677193760871887, 'biggan': 0.12426111102104187, 'glide': 0.09705054014921188, 'sdv5': 0.08389028906822205}",2025-10-29 09:52:45.010171+00:00,2025-10-29
213,2025-10-29T09:52:56.048670+00:00,002645.jpg,6b5ce426b4d6482ab3daa3c1dbb88647.jpg,image/jpeg,512,512,nature,0.4216609001159668,0.578339159488678,0.578339159488678,upload,44.04320799949346,"{""model_name"": ""swin_tiny_patch4_window7_224"", ""model_path"": ""models/regularized_training/model_swin_t_regularized.pth"", ""checksum"": ""3a9a2f9b6ec5"", ""head"": ""linear""}",,,"{""adm"": 0.4513746201992035, ""midjourney"": 0.09320289641618729, ""wukong"": 0.052292436361312866, ""vqdm"": 0.12749731540679932, ""biggan"": 0.11657435446977615, ""glide"": 0.07925066351890564, ""sdv5"": 0.07980760186910629}",54368.0,0.01572434668447457,"{'model_name': 'swin_tiny_patch4_window7_224', 'model_path': 'models/regularized_training/model_swin_t_regularized.pth', 'checksum': '3a9a2f9b6ec5', 'head': 'linear'}",3a9a2f9b6ec5,"{'adm': 0.4513746201992035, 'midjourney': 0.09320289641618729, 'wukong': 0.052292436361312866, 'vqdm': 0.12749731540679932, 'biggan': 0.11657435446977615, 'glide': 0.07925066351890564, 'sdv5': 0.07980760186910629}",2025-10-29 09:52:56.048670+00:00,2025-10-29
214,2025-10-29T09:53:01.802452+00:00,002653.jpg,633752fc2aad4bd883fb40f744e246b4.jpg,image/jpeg,512,512,nature,0.5052818059921265,0.4947182238101959,0.5052818059921265,upload,43.17887500292272,"{""model_name"": ""swin_tiny_patch4_window7_224"", ""model_path"": ""models/regularized_training/model_swin_t_regularized.pth"", ""checksum"": ""3a9a2f9b6ec5"", ""head"": ""linear""}",,,"{""adm"": 0.42161399126052856, ""midjourney"": 0.10448697954416275, ""wukong"": 0.057073924690485, ""vqdm"": 0.12681300938129425, ""biggan"": 0.11555224657058716, ""glide"": 0.08891025930643082, ""sdv5"": 0.08554960787296295}",58705.0,0.022172247194776347,"{'model_name': 'swin_tiny_patch4_window7_224', 'model_path': 'models/regularized_training/model_swin_t_regularized.pth', 'checksum': '3a9a2f9b6ec5', 'head': 'linear'}",3a9a2f9b6ec5,"{'adm': 0.42161399126052856, 'midjourney': 0.10448697954416275, 'wukong': 0.057073924690485, 'vqdm': 0.12681300938129425, 'biggan': 0.11555224657058716, 'glide': 0.08891025930643082, 'sdv5': 0.08554960787296295}",2025-10-29 09:53:01.802452+00:00,2025-10-29
221,2025-10-29T09:54:02.006447+00:00,image-7.jpg,0df43cc8b52e40a7a73aabb5edbfb718.jpg,image/jpeg,178,218,nature,0.06522515416145325,0.9347748756408691,0.9347748756408691,upload,36.69850000005681,"{""model_name"": ""swin_tiny_patch4_window7_224"", ""model_path"": ""models/regularized_training/model_swin_t_regularized.pth"", ""checksum"": ""3a9a2f9b6ec5"", ""head"": ""linear""}",,,"{""adm"": 0.366585373878479, ""midjourney"": 0.10454810410737991, ""wukong"": 0.0716586634516716, ""vqdm"": 0.15179842710494995, ""biggan"": 0.12654267251491547, ""glide"": 0.09536949545145035, ""sdv5"": 0.0834973007440567}",8167.0,0.07681722725168823,"{'model_name': 'swin_tiny_patch4_window7_224', 'model_path': 'models/regularized_training/model_swin_t_regularized.pth', 'checksum': '3a9a2f9b6ec5', 'head': 'linear'}",3a9a2f9b6ec5,"{'adm': 0.366585373878479, 'midjourney': 0.10454810410737991, 'wukong': 0.0716586634516716, 'vqdm': 0.15179842710494995, 'biggan': 0.12654267251491547, 'glide': 0.09536949545145035, 'sdv5': 0.0834973007440567}",2025-10-29 09:54:02.006447+00:00,2025-10-29
222,2025-10-29T09:54:06.881647+00:00,image-8.jpg,6be1cb14650e4ffeb6a44469b0e7cdc1.jpg,image/jpeg,178,218,nature,0.04425213858485222,0.9557479023933411,0.9557479023933411,upload,41.02312499890104,"{""model_name"": ""swin_tiny_patch4_window7_224"", ""model_path"": ""models/regularized_training/model_swin_t_regularized.pth"", ""checksum"": ""3a9a2f9b6ec5"", ""head"": ""linear""}",,,"{""adm"": 0.3534702956676483, ""midjourney"": 0.10710542649030685, ""wukong"": 0.07408134639263153, ""vqdm"": 0.1531991958618164, ""biggan"": 0.12782840430736542, ""glide"": 0.09935486316680908, ""sdv5"": 0.08496052026748657}",7318.0,0.07364179152745523,"{'model_name': 'swin_tiny_patch4_window7_224', 'model_path': 'models/regularized_training/model_swin_t_regularized.pth', 'checksum': '3a9a2f9b6ec5', 'head': 'linear'}",3a9a2f9b6ec5,"{'adm': 0.3534702956676483, 'midjourney': 0.10710542649030685, 'wukong': 0.07408134639263153, 'vqdm': 0.1531991958618164, 'biggan': 0.12782840430736542, 'glide': 0.09935486316680908, 'sdv5': 0.08496052026748657}",2025-10-29 09:54:06.881647+00:00,2025-10-29
223,2025-10-29T09:54:16.371457+00:00,image-11.jpg,b54f05fcd7d84e7ba9020f5eac461cd3.jpg,image/jpeg,178,218,nature,0.02416049689054489,0.9758394956588745,0.9758394956588745,upload,51.044208001258085,"{""model_name"": ""swin_tiny_patch4_window7_224"", ""model_path"": ""models/regularized_training/model_swin_t_regularized.pth"", ""checksum"": ""3a9a2f9b6ec5"", ""head"": ""linear""}",,,"{""adm"": 0.31925058364868164, ""midjourney"": 0.110086590051651, ""wukong"": 0.0836171880364418, ""vqdm"": 0.16258813440799713, ""biggan"": 0.13253864645957947, ""glide"": 0.10269951075315475, ""sdv5"": 0.08921931684017181}",4880.0,0.028402873364581374,"{'model_name': 'swin_tiny_patch4_window7_224', 'model_path': 'models/regularized_training/model_swin_t_regularized.pth', 'checksum': '3a9a2f9b6ec5', 'head': 'linear'}",3a9a2f9b6ec5,"{'adm': 0.31925058364868164, 'midjourney': 0.110086590051651, 'wukong': 0.0836171880364418, 'vqdm': 0.16258813440799713, 'biggan': 0.13253864645957947, 'glide': 0.10269951075315475, 'sdv5': 0.08921931684017181}",2025-10-29 09:54:16.371457+00:00,2025-10-29
